시도,피해시작일
경기도,2013
경기도,2013
경상북도,2013
경기도,2013
경상북도,2013
경상북도,2013
경상북도,2013
전라남도,2013
전라남도,2013
전라남도,2013
경상북도,2013
경상북도,2013
경상남도,2013
전라남도,2013
전라남도,2013
전라남도,2013
경기도,2013
경상남도,2013
경상남도,2013
전라남도,2013
전라남도,2013
경상북도,2013
경상남도,2014
경상남도,2014
경기도,2014
충청남도,2014
경상남도,2014
경기도,2014
경기도,2014
경기도,2014
충청남도,2014
전라남도,2014
전라남도,2014
경상남도,2014
경상남도,2014
충청남도,2014
경기도,2014
경기도,2014
전라남도,2014
경기도,2014
충청남도,2014
경기도,2014
강원도,2014
경기도,2014
경기도,2014
경기도,2014
경기도,2014
경기도,2014
강원도,2014
경기도,2014
강원도,2014
경기도,2014
강원도,2014
강원도,2014
강원도,2014
강원도,2014
경기도,2014
강원도,2014
경기도,2014
전라북도,2014
충청남도,2014
경기도,2014
경기도,2014
충청북도,2014
충청북도,2014
경상북도,2014
경상북도,2014
경기도,2014
경기도,2014
경상북도,2014
강원도,2014
경기도,2014
경기도,2014
강원도,2014
강원도,2014
경상북도,2014
강원도,2014
충청북도,2014
충청북도,2014
충청북도,2014
강원도,2014
강원도,2014
강원도,2014
강원도,2014
강원도,2014
강원도,2014
강원도,2014
강원도,2014
강원도,2014
강원도,2014
강원도,2014
강원도,2014
강원도,2014
강원도,2014
강원도,2014
강원도,2014
강원도,2014
충청남도,2014
강원도,2014
경상북도,2014
강원도,2014
강원도,2014
강원도,2014
경상북도,2014
강원도,2014
경상북도,2014
경상북도,2014
강원도,2014
경상북도,2014
경상북도,2014
강원도,2014
충청남도,2014
경상북도,2014
경상북도,2014
충청북도,2014
충청북도,2014
경상북도,2014
경상북도,2014
경상북도,2014
경상북도,2014
경상북도,2014
경기도,2014
경기도,2014
강원도,2014
경기도,2014
강원도,2014
강원도,2014
경기도,2015
경기도,2015
경기도,2015
경기도,2015
강원도,2015
강원도,2015
경기도,2015
경기도,2015
경기도,2015
경기도,2015
경기도,2015
경상북도,2015
경기도,2015
경기도,2015
경기도,2015
경상북도,2015
경기도,2015
경기도,2015
강원도,2015
경기도,2015
경기도,2015
경상북도,2015
강원도,2015
경기도,2015
강원도,2015
강원도,2015
경기도,2015
강원도,2015
경기도,2015
경기도,2015
경기도,2015
경기도,2015
경기도,2015
강원도,2015
충청북도,2015
경기도,2015
경기도,2015
경기도,2015
경기도,2015
경기도,2015
경기도,2015
경기도,2015
경기도,2015
경기도,2015
경상북도,2015
경기도,2015
충청북도,2015
충청북도,2015
강원도,2015
강원도,2015
강원도,2015
강원도,2015
충청북도,2015
경상북도,2015
강원도,2015
강원도,2015
강원도,2015
경상북도,2015
강원도,2015
강원도,2015
경상북도,2015
경기도,2015
강원도,2015
경기도,2015
강원도,2015
경기도,2015
경상북도,2015
전라북도,2015
강원도,2015
강원도,2015
강원도,2015
경기도,2015
경기도,2015
경기도,2015
경기도,2015
경상북도,2015
경상북도,2015
경상북도,2015
충청북도,2015
경상북도,2015
경상북도,2015
경상북도,2015
충청북도,2015
경상북도,2015
강원도,2015
강원도,2015
경상북도,2015
강원도,2015
강원도,2015
전라북도,2015
경기도,2015
경기도,2015
경기도,2015
경기도,2015
경기도,2015
경상북도,2015
경기도,2015
경기도,2015
전라북도,2015
충청북도,2015
경상북도,2015
경상북도,2015
강원도,2015
강원도,2015
충청북도,2015
충청북도,2015
강원도,2015
경상북도,2015
강원도,2015
충청북도,2015
강원도,2015
경상북도,2015
충청북도,2015
충청북도,2015
강원도,2015
강원도,2015
강원도,2015
경상북도,2015
경상북도,2015
강원도,2015
경상북도,2015
경상북도,2015
강원도,2015
강원도,2015
강원도,2015
강원도,2015
강원도,2015
전라북도,2015
강원도,2015
강원도,2015
경상북도,2015
강원도,2015
강원도,2015
강원도,2015
강원도,2015
강원도,2015
강원도,2015
강원도,2015
강원도,2015
강원도,2015
충청북도,2015
경상북도,2015
경상북도,2015
경상북도,2015
경상북도,2015
경상북도,2015
경상북도,2015
경상북도,2015
충청북도,2015
경상북도,2015
경상북도,2015
경기도,2015
경상북도,2015
경상북도,2015
경기도,2015
충청북도,2015
경상북도,2015
경상북도,2015
경기도,2015
경상북도,2015
경기도,2015
경상북도,2015
강원도,2015
경상북도,2015
강원도,2015
강원도,2015
경기도,2015
경기도,2015
경기도,2015
경기도,2015
경기도,2015
강원도,2015
경상북도,2015
경상북도,2015
경상북도,2015
경기도,2015
경기도,2015
충청북도,2015
충청북도,2015
경상북도,2015
충청북도,2015
충청북도,2015
충청북도,2015
강원도,2015
충청북도,2015
충청북도,2015
충청북도,2015
충청북도,2015
충청북도,2015
충청북도,2015
충청북도,2015
충청북도,2015
충청북도,2015
충청북도,2015
충청북도,2015
충청북도,2015
충청북도,2015
충청북도,2015
충청북도,2015
강원도,2015
강원도,2015
경상북도,2015
경상북도,2015
강원도,2015
경상북도,2015
강원도,2015
강원도,2015
강원도,2015
경기도,2015
충청남도,2015
경상북도,2015
전라남도,2015
전라남도,2015
전라남도,2015
경상북도,2015
전라남도,2015
전라남도,2016
전라남도,2016
전라남도,2016
전라남도,2016
전라남도,2016
전라남도,2016
전라남도,2016
경기도,2016
경기도,2016
강원도,2016
경기도,2016
경기도,2016
충청북도,2016
경기도,2016
경상북도,2016
경상북도,2016
경상북도,2016
충청북도,2016
충청북도,2016
강원도,2016
강원도,2016
경상북도,2016
강원도,2016
경기도,2016
경기도,2016
강원도,2016
충청북도,2016
강원도,2016
강원도,2016
충청북도,2016
전라남도,2016
경기도,2016
경기도,2016
충청남도,2016
경기도,2016
경기도,2016
경기도,2016
경기도,2016
경기도,2016
경기도,2016
경상북도,2016
경상북도,2016
경상북도,2016
경기도,2016
강원도,2016
경기도,2016
경기도,2016
경기도,2016
충청남도,2016
충청북도,2016
충청북도,2016
경상북도,2016
경상북도,2016
강원도,2016
강원도,2016
강원도,2016
강원도,2016
강원도,2016
강원도,2016
경상북도,2016
경상북도,2016
경상북도,2016
경상북도,2016
강원도,2016
경상북도,2016
경상북도,2016
경상북도,2016
강원도,2016
강원도,2016
경기도,2016
경상북도,2016
경기도,2016
경기도,2016
강원도,2016
충청북도,2016
경기도,2016
전라북도,2016
경기도,2016
강원도,2016
경기도,2016
경상북도,2016
전라북도,2016
경기도,2016
경상북도,2016
전라북도,2016
충청남도,2016
경상북도,2016
전라북도,2016
전라북도,2016
전라북도,2016
전라북도,2016
강원도,2016
전라북도,2016
경기도,2016
경기도,2016
전라남도,2016
경기도,2016
전라북도,2016
충청북도,2016
경상북도,2016
전라북도,2016
전라북도,2016
전라북도,2016
경상북도,2016
경상북도,2016
전라남도,2016
경상북도,2016
전라남도,2016
전라남도,2016
경상북도,2016
경기도,2016
경기도,2016
충청남도,2016
전라북도,2016
경상북도,2016
경상북도,2016
전라남도,2016
전라남도,2016
전라남도,2016
전라남도,2016
전라남도,2016
전라남도,2016
전라북도,2016
전라북도,2016
경기도,2016
전라북도,2016
전라북도,2016
전라북도,2016
전라북도,2016
전라북도,2016
전라북도,2016
전라북도,2016
전라북도,2016
경기도,2016
전라북도,2016
전라북도,2016
충청북도,2016
경상북도,2016
경기도,2016
경기도,2016
경기도,2016
경기도,2016
경기도,2016
경기도,2016
충청북도,2016
경기도,2016
경기도,2016
전라남도,2017
경기도,2017
전라남도,2017
전라남도,2017
경기도,2017
충청북도,2017
충청북도,2017
경기도,2017
경기도,2017
충청북도,2017
충청북도,2017
경기도,2017
충청북도,2017
경기도,2017
강원도,2017
경기도,2017
경기도,2017
충청북도,2017
경기도,2017
경기도,2017
경기도,2017
충청북도,2017
충청남도,2017
충청북도,2017
경기도,2017
경기도,2017
충청북도,2017
강원도,2017
경기도,2017
충청북도,2017
경기도,2017
강원도,2017
경기도,2017
경기도,2017
충청남도,2017
충청북도,2017
충청남도,2017
경기도,2017
경기도,2017
경상북도,2017
충청남도,2017
충청북도,2017
경기도,2017
경기도,2017
충청북도,2017
충청북도,2017
충청남도,2017
충청북도,2017
경기도,2017
경기도,2017
충청북도,2017
충청북도,2017
충청북도,2017
경기도,2017
충청북도,2017
전라남도,2017
강원도,2017
경기도,2017
충청남도,2017
경기도,2017
경기도,2017
충청북도,2017
강원도,2017
강원도,2017
충청남도,2017
전라남도,2017
전라남도,2017
경기도,2017
강원도,2017
충청북도,2017
전라남도,2017
강원도,2017
강원도,2017
경기도,2017
충청북도,2017
충청북도,2017
충청북도,2017
강원도,2017
강원도,2017
경기도,2017
충청북도,2017
경기도,2017
충청북도,2017
경기도,2017
경기도,2017
경상남도,2017
강원도,2017
전라남도,2017
충청북도,2017
경상남도,2017
충청북도,2017
경상남도,2017
경상남도,2017
경기도,2017
경기도,2017
전라남도,2017
경기도,2017
강원도,2017
경기도,2017
경기도,2017
경기도,2017
강원도,2017
경기도,2017
경기도,2017
충청북도,2017
경기도,2017
경기도,2017
강원도,2017
강원도,2017
경기도,2017
강원도,2017
전라남도,2017
경기도,2017
충청북도,2017
경상북도,2017
전라남도,2017
전라남도,2017
전라남도,2017
전라남도,2017
전라남도,2017
충청남도,2017
강원도,2017
경기도,2017
강원도,2017
강원도,2017
충청남도,2017
충청남도,2017
강원도,2017
경기도,2017
충청남도,2017
경기도,2017
충청남도,2017
충청남도,2017
강원도,2017
전라남도,2017
경기도,2017
경기도,2017
경기도,2017
경기도,2017
강원도,2017
경상북도,2017
경기도,2017
충청북도,2017
충청북도,2017
충청남도,2017
전라남도,2017
전라남도,2017
경기도,2017
경기도,2017
경기도,2017
충청북도,2017
강원도,2017
강원도,2017
전라남도,2017
경기도,2017
충청북도,2017
경상북도,2017
충청북도,2017
충청남도,2017
강원도,2017
충청북도,2017
경기도,2017
경기도,2017
경기도,2017
경기도,2017
경기도,2017
경상남도,2017
충청북도,2017
경기도,2017
충청남도,2017
경기도,2017
경기도,2017
전라남도,2017
경기도,2017
경기도,2017
경상북도,2017
충청남도,2017
강원도,2017
강원도,2017
강원도,2017
충청남도,2017
충청북도,2017
충청북도,2017
경상남도,2017
경상북도,2017
경기도,2017
전라북도,2017
충청북도,2017
전라북도,2017
전라북도,2017
경기도,2017
충청북도,2017
충청북도,2017
충청남도,2017
충청남도,2017
경기도,2017
충청북도,2017
전라남도,2017
경기도,2017
경기도,2017
충청북도,2017
충청남도,2017
경상북도,2017
경상남도,2017
강원도,2017
경기도,2017
전라남도,2017
충청북도,2017
경기도,2017
경상북도,2017
경상북도,2017
경상북도,2017
경상북도,2017
충청북도,2017
경상북도,2017
충청북도,2017
충청북도,2017
강원도,2017
강원도,2017
강원도,2017
강원도,2017
강원도,2017
경상북도,2017
강원도,2017
강원도,2017
충청북도,2017
충청남도,2017
경기도,2017
충청북도,2017
경기도,2017
충청북도,2017
충청남도,2017
강원도,2017
충청남도,2017
충청북도,2017
전라남도,2017
경기도,2017
경기도,2017
강원도,2017
충청북도,2017
충청북도,2017
충청북도,2017
충청남도,2017
충청남도,2017
충청남도,2017
충청남도,2017
충청북도,2017
강원도,2017
충청북도,2017
충청남도,2017
충청남도,2017
강원도,2017
충청남도,2017
충청남도,2017
충청남도,2017
충청남도,2017
충청남도,2017
충청남도,2017
충청남도,2017
충청북도,2017
경상북도,2017
경기도,2017
강원도,2017
강원도,2017
충청북도,2017
충청남도,2017
경기도,2017
강원도,2017
강원도,2017
충청북도,2017
충청남도,2017
강원도,2017
전라북도,2017
경상북도,2017
강원도,2017
경기도,2017
충청북도,2017
경상북도,2017
충청북도,2017
경상북도,2017
충청북도,2017
강원도,2017
강원도,2017
강원도,2017
충청북도,2017
강원도,2017
강원도,2017
경상북도,2017
경기도,2017
충청남도,2017
충청북도,2017
강원도,2017
경기도,2017
충청남도,2017
충청남도,2017
강원도,2017
충청남도,2017
충청남도,2017
충청북도,2017
충청남도,2017
충청남도,2017
충청남도,2017
충청남도,2017
경상북도,2017
충청북도,2017
충청남도,2017
충청남도,2017
강원도,2017
충청남도,2017
충청남도,2017
충청남도,2017
충청남도,2017
충청남도,2017
강원도,2017
충청북도,2017
충청북도,2017
강원도,2017
강원도,2017
충청북도,2017
충청북도,2017
충청북도,2017
경기도,2017
충청북도,2017
충청북도,2017
충청남도,2017
충청남도,2017
충청남도,2017
충청남도,2017
충청남도,2017
충청남도,2017
충청남도,2017
충청남도,2017
충청남도,2017
충청남도,2017
충청남도,2017
충청남도,2017
충청남도,2017
충청남도,2017
충청남도,2017
경기도,2017
충청북도,2017
충청남도,2017
전라남도,2017
전라남도,2017
전라남도,2017
전라남도,2017
전라남도,2017
충청남도,2017
전라남도,2017
경상북도,2017
충청북도,2017
경기도,2017
경상북도,2017
충청북도,2017
전라남도,2017
전라남도,2017
전라남도,2017
전라남도,2017
전라남도,2017
충청북도,2017
충청북도,2017
충청북도,2017
충청북도,2017
충청북도,2017
충청북도,2017
충청북도,2017
충청북도,2017
충청북도,2017
충청북도,2017
충청북도,2017
충청북도,2017
충청북도,2017
강원도,2018
경기도,2018
경기도,2018
경기도,2018
강원도,2018
강원도,2018
강원도,2018
강원도,2018
강원도,2018
경기도,2018
전라남도,2018
전라남도,2018
전라남도,2018
충청남도,2018
경기도,2018
강원도,2018
강원도,2018
강원도,2018
경상북도,2018
경기도,2018
충청북도,2018
강원도,2018
경상남도,2018
경상남도,2018
경상남도,2018
강원도,2018
경상남도,2018
경상남도,2018
경상남도,2018
충청북도,2018
충청남도,2018
전라북도,2018
강원도,2018
경기도,2018
전라북도,2018
강원도,2018
강원도,2018
강원도,2018
강원도,2018
강원도,2018
강원도,2018
강원도,2018
강원도,2018
강원도,2018
강원도,2018
강원도,2018
충청남도,2018
충청남도,2018
충청북도,2018
강원도,2018
강원도,2018
전라북도,2018
경상남도,2018
경기도,2018
경기도,2018
충청북도,2018
강원도,2018
강원도,2018
충청북도,2018
강원도,2018
강원도,2018
강원도,2018
경기도,2018
충청북도,2018
강원도,2018
충청북도,2018
강원도,2018
강원도,2018
전라북도,2018
강원도,2018
경기도,2018
경기도,2018
경기도,2018
강원도,2018
전라북도,2018
전라북도,2018
경기도,2018
경기도,2018
강원도,2018
경기도,2018
강원도,2018
경기도,2018
강원도,2018
강원도,2018
강원도,2018
강원도,2018
강원도,2018
강원도,2018
강원도,2018
충청북도,2018
강원도,2018
강원도,2018
전라북도,2018
강원도,2018
강원도,2018
강원도,2018
강원도,2018
경기도,2018
경기도,2018
경기도,2018
경기도,2018
경기도,2018
경기도,2018
경기도,2018
경기도,2018
경기도,2018
경기도,2018
경기도,2018
경기도,2018
경기도,2018
경기도,2018
강원도,2018
강원도,2018
경기도,2018
경기도,2018
경기도,2018
충청북도,2018
전라북도,2018
경기도,2018
강원도,2018
강원도,2018
강원도,2018
강원도,2018
강원도,2018
강원도,2018
전라북도,2018
강원도,2018
강원도,2018
충청북도,2018
충청북도,2018
강원도,2018
충청북도,2018
전라북도,2018
충청북도,2018
전라북도,2018
경상북도,2018
충청북도,2018
경상북도,2018
충청북도,2018
충청북도,2018
경기도,2018
충청북도,2018
충청북도,2018
강원도,2018
충청북도,2018
충청북도,2018
충청북도,2018
충청북도,2018
충청남도,2018
경상북도,2018
경기도,2018
전라남도,2018
전라남도,2018
강원도,2018
강원도,2018
충청북도,2018
충청북도,2018
강원도,2018
강원도,2018
강원도,2018
경기도,2018
전라북도,2018
경기도,2018
경기도,2018
충청북도,2018
전라남도,2018
충청북도,2018
충청북도,2018
경상북도,2018
경기도,2018
경기도,2018
충청북도,2018
경상북도,2018
경상북도,2018
충청북도,2018
충청남도,2018
경상북도,2018
충청북도,2018
경상북도,2018
경기도,2018
전라북도,2018
경기도,2018
경상북도,2018
강원도,2018
충청북도,2018
강원도,2018
전라북도,2018
강원도,2018
강원도,2018
충청북도,2018
충청북도,2018
강원도,2018
충청북도,2018
충청북도,2018
경상북도,2018
충청남도,2018
경기도,2018
충청북도,2018
경기도,2018
충청북도,2018
경상북도,2018
경상북도,2018
경상북도,2018
전라북도,2018
충청북도,2018
경상북도,2018
경상북도,2018
충청남도,2018
전라북도,2018
충청북도,2018
경기도,2018
경기도,2018
경기도,2018
경상북도,2018
충청남도,2018
전라북도,2018
충청북도,2018
충청북도,2018
경기도,2018
경상북도,2018
충청북도,2018
충청북도,2018
경기도,2018
경상북도,2018
전라북도,2018
경기도,2018
충청북도,2018
경상북도,2018
충청남도,2018
충청남도,2018
충청남도,2018
충청남도,2018
충청북도,2019
전라남도,2019
충청남도,2019
충청남도,2019
강원도,2019
강원도,2019
전라남도,2019
경기도,2019
경기도,2019
경기도,2019
경기도,2019
경기도,2019
경기도,2019
경기도,2019
강원도,2019
전라북도,2019
전라북도,2019
경기도,2019
경기도,2019
경기도,2019
충청북도,2019
경기도,2019
경기도,2019
경기도,2019
충청북도,2019
경기도,2019
경기도,2019
경기도,2019
전라북도,2019
경기도,2019
충청남도,2019
충청북도,2019
충청북도,2019
충청북도,2019
충청남도,2019
충청남도,2019
전라북도,2019
경기도,2019
충청남도,2019
충청북도,2019
충청북도,2019
강원도,2019
전라남도,2019
충청남도,2019
충청북도,2019
전라북도,2019
경기도,2019
경기도,2019
충청남도,2019
강원도,2019
충청남도,2019
충청북도,2019
경기도,2019
경기도,2019
경기도,2019
경기도,2019
경기도,2019
충청북도,2019
경기도,2019
전라북도,2019
충청북도,2019
전라북도,2019
경기도,2019
충청남도,2019
충청북도,2019
전라북도,2019
전라북도,2019
충청남도,2019
전라북도,2019
경상북도,2019
충청북도,2019
전라북도,2019
전라북도,2019
경기도,2019
전라북도,2019
전라북도,2019
경기도,2019
경기도,2019
전라북도,2019
강원도,2019
경기도,2019
전라북도,2019
전라북도,2019
경기도,2019
경상북도,2019
경기도,2019
전라북도,2019
강원도,2019
경기도,2019
경기도,2019
경기도,2019
경기도,2019
전라남도,2019
강원도,2019
강원도,2019
충청북도,2019
경기도,2019
전라북도,2019
충청북도,2019
경기도,2019
전라북도,2019
경기도,2019
충청남도,2019
경기도,2019
경기도,2019
경기도,2019
경기도,2019
경기도,2019
전라북도,2019
전라북도,2019
충청북도,2019
경기도,2019
경상북도,2019
강원도,2019
충청남도,2019
충청남도,2019
강원도,2019
강원도,2019
강원도,2019
강원도,2019
강원도,2019
경기도,2019
충청북도,2019
강원도,2019
충청북도,2019
강원도,2019
경상북도,2019
충청북도,2019
충청북도,2019
충청북도,2019
경기도,2019
충청남도,2019
충청남도,2019
충청북도,2019
충청북도,2019
충청북도,2019
경기도,2019
충청남도,2019
충청남도,2019
경기도,2019
충청남도,2019
충청남도,2019
강원도,2019
강원도,2019
강원도,2019
강원도,2019
강원도,2019
충청북도,2019
충청북도,2019
강원도,2019
강원도,2019
경기도,2019
강원도,2019
강원도,2019
강원도,2019
경기도,2019
충청남도,2019
경기도,2019
강원도,2019
강원도,2019
충청북도,2019
강원도,2019
강원도,2019
강원도,2019
충청북도,2019
강원도,2019
경기도,2019
강원도,2019
강원도,2019
경기도,2019
강원도,2019
경기도,2019
충청북도,2019
강원도,2019
경기도,2019
충청남도,2019
경기도,2019
경기도,2019
강원도,2019
경기도,2019
강원도,2019
강원도,2019
경기도,2019
강원도,2019
강원도,2019
경기도,2019
강원도,2019
강원도,2019
강원도,2019
충청북도,2019
충청남도,2019
충청남도,2019
충청남도,2019
전라남도,2019
경상북도,2019
충청남도,2019
충청북도,2019
강원도,2019
경상북도,2019
경상북도,2019
경기도,2019
전라남도,2019
경상남도,2019
강원도,2019
전라남도,2019
충청남도,2019
강원도,2019
충청남도,2019
강원도,2019
강원도,2019
강원도,2019
전라북도,2019
전라북도,2019
강원도,2019
강원도,2019
경상남도,2019
충청남도,2019
경기도,2019
충청남도,2019
경상남도,2019
경기도,2019
강원도,2019
경상남도,2019
경기도,2019
강원도,2019
충청북도,2019
충청북도,2019
강원도,2019
경상북도,2019
전라북도,2019
전라북도,2019
전라북도,2019
전라북도,2019
전라북도,2019
강원도,2019
강원도,2019
강원도,2020
경기도,2020
강원도,2020
강원도,2020
강원도,2020
전라남도,2020
전라남도,2020
경기도,2020
경기도,2020
충청북도,2020
충청북도,2020
경기도,2020
강원도,2020
강원도,2020
강원도,2020
전라남도,2020
강원도,2020
충청남도,2020
충청북도,2020
강원도,2020
강원도,2020
충청북도,2020
전라남도,2020
강원도,2020
충청북도,2020
전라남도,2020
강원도,2020
충청북도,2020
충청남도,2020
강원도,2020
강원도,2020
전라남도,2020
강원도,2020
경기도,2020
경상북도,2020
강원도,2020
강원도,2020
경상북도,2020
강원도,2020
강원도,2020
강원도,2020
강원도,2020
강원도,2020
강원도,2020
강원도,2020
강원도,2020
강원도,2020
강원도,2020
경상북도,2020
강원도,2020
강원도,2020
충청북도,2020
강원도,2020
강원도,2020
강원도,2020
강원도,2020
강원도,2020
강원도,2020
강원도,2020
강원도,2020
강원도,2020
강원도,2020
강원도,2020
강원도,2020
강원도,2020
강원도,2020
강원도,2020
강원도,2020
경상북도,2020
강원도,2020
전라남도,2020
강원도,2020
경기도,2020
강원도,2020
강원도,2020
경기도,2020
강원도,2020
강원도,2020
경상남도,2020
전라남도,2020
전라남도,2020
강원도,2020
강원도,2020
경기도,2020
강원도,2020
강원도,2020
강원도,2020
경기도,2020
강원도,2020
강원도,2020
강원도,2020
강원도,2020
강원도,2020
강원도,2020
강원도,2020
강원도,2020
강원도,2020
강원도,2020
전라남도,2020
경상남도,2020
전라남도,2020
강원도,2020
강원도,2020
강원도,2020
강원도,2020
강원도,2020
강원도,2020
강원도,2020
강원도,2020
강원도,2020
강원도,2020
강원도,2020
강원도,2020
강원도,2020
강원도,2020
강원도,2020
강원도,2020
강원도,2020
강원도,2020
강원도,2020
