발생장소_시도,발생원인_기타
전남,담뱃불실화
경북,입산자실화
울산,담뱃불실화
경북,하우스화재비화
경북,아궁이재투기
부산,입산자실화
울산,농산부산물소각(고춧대)
경남,창고화재(용접)
울산,불씨취급부주의
경남,주택화재비화
경남,컨테이너화재비화
강원,주택화재비화
경남,입산자실화
경북,입산자실화
경남,입산자실화
전남,입산자실화
강원,주택화재비화
경북,아궁이재투기
경남,입산자실화
전남,입산자실화
강원,미상
대구,입산자실화
울산,용접
울산,입산자실화
경남,입산자실화
충북,미상
경남,건축물실화(물탱크열선과열)
전남,입산자실화
전남,입산자실화
경남,방화추정
경남,입산자실화
강원,미상
강원,미상
경기,건축물실화
대구,쓰레기소각
경남,건축물실화(전기누전)
경기,미상
경기,미상
부산,조사중
울산,입산자실화
전남,낚시객실화추정
세종,담뱃불실화
강원,쓰레기소각
울산,입산자실화
강원,헬기추락
부산,담뱃불실화추정
경기,입산자실화
강원,미상
전북,미상
충남,공장화재비;화
경기,미상
경기,전투기추락
경기,담뱃불실화
충남,입산자실화(버섯채취자)
경기,재처리부주의
울산,입산자실화
경북,쓰레기소각(낙엽)
경남,쓰레기소각
충남,미상
경남,입산자실화
경북,산업현장실화
경북,미상
충남,미상
경기,미상
전북,무속행위추정
경남,지붕용접불씨점화
경남,농산부산물소각
전남,입산자실화
울산,입산자실화
경남,입산자실화
서울,입산자실화
경북,입산자실화
경북,입산자실화
경북,차량화재비화
대전,미상
부산,농산부산물소각
경남,농산폐기물소각
경남,방화추정
전남,쓰레기소각
광주,원인미상
경북,입산자실화
경기,입산자실화(버섯채취자추정)
경기,입산자실화
전남,담뱃불실화
광주,원인미상
전남,생활쓰레기소각(낙엽)
세종,입산자실화
경기,입산자실화
경북,쓰레기소각
전남,차량화재
경남,원인미상(방화추정)
경남,농산폐기물(고춧대)소각
경남,입산자실화
경남,미상(방화추정)
강원,담뱃불실화
경남,입산자실화
경북,데크설치그라인더작업불꽃
전남,입산자실화
경남,조사중
광주,원인미상
대구,입산자실화
울산,입산자실화
대구,입산자실화
대구,입산자실화
전남,담뱃불실화
경남,입산자실화
강원,미상
강원,미상
경남,입산자실화
전남,입산자실화
경북,미상
강원,미상
전남,입산자실화
전북,미상
강원,미상
전남,쓰레기소각
전북,미상
충남,미상
충북,입산자실화(산나물채취자담뱃불)
충남,입산자실화
경북,조류퇴치폭음탄
경북,입산자실화
충남,미상
전북,묘지주변소각
대구,담뱃불실화
경북,담뱃불실화추정
충남,사업장내벌집제거작업불씨
강원,산림사업장실화
경기,미상
충남,입산자싫화추정
경기,입산자실화
경기,입산자실화
경기,담뱃불실화
강원,불씨취급부주의
울산,입산자실화
충북,창고화재
서울,입산자실화
대전,미상
경기,입산자실화
전북,담뱃불실화추정
전남,영접불꽃
강원,미상
경기,식당지붕화재비화
서울,입산자실화
경북,입산자실화
충북,입산자실화
경북,쓰레기소각
경기,용접불씨비화추정
전북,공사장용접불티발화
경북,양수기전기합선
경기,입산자실화
대구,농산폐기물소각
경기,미상
경남,미상
경남,아궁아불씨부주의
전북,화목보일러추정
경남,입산자실화
부산,입산자실화
경남,입산자실화
전남,입산자실화
경남,담뱃불실화
경북,도로낙석방지망용접작업불꽃비화
경북,공장화재비화
경남,주택화재
경남,담뱃불실화
부산,조사중
전북,미상(입산자실화)
경남,주택화재비화
부산,입산자실화(담뱃물)
경기,미상
경남,입산자실화(연막소독기불씨비화)
경북,입산자실화
경남,밭두렁소각
강원,주택화재비화
경남,미상
경기,미상
강원,미상
울산,입산자실화
강원,생활쓰레기소각
전남,입산자실화
경북,입산자실화
경남,방화추정
경기,미상
경기,그라인더작업실화추정
부산,조사중
경남,입산자실화
서울,미상
전북,전봇대발화
대구,입산자실화
충북,입산자실화
경북,농산폐기물소각
전북,입산자담뱃불추정
충남,입산자실화
강원,미상
경북,과수원전지목소각
경남,양봉작업중실화
경남,낙뢰추정
경기,입산자실화
경북,재투기실화추정
전북,입산자실화
경남,담뱃불실화추정
강원,미상
경북,입산자실화
경남,성묘객실화
울산,농막화재
강원,미상
강원,미상
충남,입산자실화
충남,차량화재비화
강원,미상
전남,돈사화재비화
경북,입산자실화
경남,담뱃불실화추정
경기,입산자실화
충남,등산객담뱃불실화
경기,미상
강원,미상
경기,아궁이불씨비화
전북,입산자실화
전북,입산자실화
충북,입산자실화(산나물체취)
충남,입산자실화
전북,입산자실화
경남,입산자실화
강원,화덕불씨부주의
경기,미상
경기,입산자실화
충북,입산자(담뱃불)실화추정
경북,입산자실화
경기,미상(담뱃불추정)
전북,입산자실화
경북,차량화재
전남,입산자실화
전남,성묘객실화
서울,미상
충남,담뱃불실화추정
강원,미상
경기,담뱃불실화추정
경기,공장화재비화
경북,입산자실화
강원,영농작업중불씨부주의
전북,입산자실화
충북,연등(촛불)비화
전남,담뱃불실화
경북,입산자실화
부산,쓰레기소각
경기,산업현장(철근공장)작업중
경기,미상
충북,신니물채취자실화
경남,전기합선
경기,미상
전남,입산자실화
전남,담뱃불실화
충북,화목보일러연통비화
강원,전신주고압선피복손상불티
경북,담뱃불실화
경북,입산자(산나물채취)실화
경기,미상
경북,태양광축전기과열추정
경기,미상
충남,입산자실화
경기,생활쓰레기소각
전남,생활쓰레기소각
경기,미상
경기,미상
강원,미상
대구,입산자실화
경기,미상
전남,생활쓰레기소각
전북,입산자실화
경기,입산자실화
강원,미상
경남,입산자실화
세종,불씨취급부주의
충북,입산자실화
강원,미상
경북,입산자실화
경기,미상
충남,산림사업장(벌채지)실화
강원,생활쓰레기소각
충남,입산자실화
경북,입산자실화(산야초채취)
대전,입산자(담뱃불)실화추정
경기,입산자실화
충북,회목보일러 재취급부주의
전북,성묘객실화(제사향불씨)
강원,미상
경북,쓰레기소각
강원,미상
경북,입산자(산약초채취)실화
충남,산림사업장(조림) 불씨
충남,입산자실화(담뱃불)
충남,미상
강원,입산자실화
충남,입산자실화
경기,공장화재비화
강원,산업현장용접불씨
경남,입산자실화
대구,입산자실화
충남,입산자실화
대구,입산자실화9산약초채취)추정
충남,입산자실화(산마물채취)
경남,담뱃불실화추정
경기,산업현장실화
대구,입산자실화
강원,연소시험으로인한 불씨
경기,담뱃불실화
충남,쓰레기소각
전북,밭두렁소각
인천,담뱃불실화
충남,입산자실화
전북,농산폐기물소각
대구,입산자실화(산약초채취)추정
전북,입산자실화
경남,입산자실화
전북,담뱃불실화
대구,입산자실화
인천,입산자실화
울산,입산자실화
전북,미상(입산자실화)
경남,입산자실화
경북,입산자실화
경기,미상
전북,입산자실화
경기,미상
전남,입산자실화
강원,푹죽실화
전남,입산자실화
경북,농산폐기물소각
전남,입산자실화
대구,용접불씨비화
경기,미상
충남,입산자실화
강원,미상
경기,밭두렁소각
전남,입산자실화
경기,담뱃불실화
전북,밭두렁소각
전남,양봉장불씨취급부주의
충남,입산자실화
충남,입산자실화
강원,잔디밭불씨부주의
전남,입산자실화
경북,고물상화재전이
경기,불씨취급부주의(가스버너)
울산,주택화재비화
경북,입산자실화
충북,미상
경기,미상
강원,철도전차선스파크
대구,입산자실화
경북,펌프전기발화
경남,입산자(담뱃불)실화추정
전북,농산물소각
전남,입산자실화
경기,미상
강원,생활쓰레기소각(낙엽)
경북,입산자실화(산악오토바이)
경남,컨테이너화재비화
경기,담뱃불실화
경기,미상
경기,미상
경북,입산자실화
강원,미상
경기,미상
경기,입산자실화
강원,차량화재
강원,미상
경기,성묘객실화
부산,비닐하우스화재비화
경기,쓰레기소각
경남,미상
대구,등산객(담뱃불)실화
경기,미상
경북,입산자실화
충남,입산자실화
충남,쓰레기소각
경기,미상
경기,성묘객실화
경북,입산자실화
충남,영농부산물소각
경남,창고화재전이
경기,용접작업불씨
경기,미상
경기,쓰레기소각
경기,쓰레기소각
전북,밭두렁소각
경기,미상
전남,입산자실화
충남,쓰레기소각
경북,방화추정
전북,입산자실화
전북,입산자실화
경기,바베큐그릴재투기
전남,입산자실화
경남,입산자실화
충남,미상
전남,움막화재
경기,미상
경기,쓰레기소각
전북,입산자실화
경기,미상
경기,미상
경남,주택화재(주택내불씨부주의)
경기,담뱃불실화
인천,재불씨취급부주의(캠핑장)
경남,입산자실화
경북,용접불꽃비화
인천,연통불씨취급부주의
경기,담뱃불실화
경기,쓰레기소각
경기,입산자실화
경북,화목보일러재투기
경북,쓰레기소각
충남,입산자실화
경기,미상
경기,쓰레기소각
충남,입산자실화
경북,입산자실화
경기,쓰레기소각
경기,쓰레기소각
경기,담뱃불실화
세종,농산폐기물소각
강원,불씨취급부주의
경기,쓰레기소각
울산,입산자실화
경북,미상
충북,입산자실화
경북,입산자실화
서울,미상
울산,사찰내쓰레기소각
전북,농산폐기물소각
경기,입산자담뱃불추정
전북,양봉훈증불씨취급부주의
충남,농막화재비화
경기,생활쓰레기(낙엽)
경기,농산폐기물소각
경기,쓰레기소각추정
전북,입산자실화
경남,군비행기추착비화
경기,비닐하우스화재비화
전남,입산자실화
서울,미상
경기,미상
경남,농산폐기물소각
강원,입산자실화(담뱃불)
경기,생활쓰레기(낙엽)
경기,용접작업중불꽃
경남,입산자실화
경남,주택화재비화
경남,농산폐기물소각
부산,미상
충남,입산자실화
경북,화기사용주부의
경북,담뱃불실화
경남,입산자실화
전북,담뱃불실화
강원,생활쓰레기소각
전남,성묘객실화
경기,담뱃불실화
강원,산업현장(한전작업중)불꽃
경남,조사중
전북,담뱃불실화
경기,미상
전북,입산자실화
전남,불씨취급부주의
경기,화목보일러재비화
경기,조사중
충남,담뱃불실화
충남,농산폐기물소각
충남,입산자실화
경북,입산자실화
울산,미상
경기,미상
전북,용접불꽃(축사)
전북,입산자실화
경남,농산폐기물소각
경기,입산자실화
전북,농산폐기물소각
경기,미상
전북,입산자실화
강원,생활쓰레기소각추정
제주,담뱃불실화
울산,담뱃불실화
충남,입산자실화
경기,생활쓰레기소각(낙엽)
대구,입산자실화
경남,농산폐기물소각
경남,화목보일러 재처리부주의
울산,입산자실화
경남,드론추락의베터리폭발
충남,입산자실화
부산,조사중
경남,입산자실화
대구,산불비화추정
경남,생활쓰레기소각추정
충남,미상
충남,산럽현장(용접)실화
경북,쓰레기소각
경남,입산자실화
경북,묵밭폐기물소각
경기,건축물실화
충남,입산자(담뱃불)실화추정
경남,건축물실화
강원,방화
강원,미상
경남,입산자실화
경기,건축물실화
서울,주택화재비화
충남,아궁이불씨부주의
경북,담뱃불실화
강원,화목보일러불씨
경북,도로변발화추정
경북,가로등누전(CCTV확인)
인천,미상
경북,공장화재비화
경북,담뱃불실화
경기,농산폐기물소각
경기,입산자실화
경기,미상
경북,담뱃불실화
경남,입산자실화
부산,미상
충남,미상(입산자실화)
경북,방화추정
경북,입산자실화
충북,입산자실화
전남,입산자실화
경남,입산자실화(수사중)
경기,농산부산물소각
전북,밭두렁소각
울산,입산자실화
경북,과수원전지목소각
충남,입산자실화
경북,작업자실화
충남,입산자실화
충남,농산부산물소각
충남,입산자실화
경기,쓰레기소각(생활)추정
울산,입산자실화
충북,입산자실화
대구,입산자실화
경북,연탄재투기
강원,화목난로재투기
경북,입산자실화
부산,입산자실화
전남,성묘객실화(담뱃불)
경북,양봉장화재전이
충북,입산자실화
전남,쓰레기소각(생활)추정
강원,화목보일러재투기
인천,조사중(화목난로재불씨추정)
경남,아궁이재취급부주의
충북,입산자실화
울산,농막화재
경남,입산자실화
전남,농산폐기물소각
전남,불씨취급부주의
전남,에초기불꽃
경북,화목보일러재투기
경남,작업자실화추정
강원,화목보일러재투기
강원,미상
경기,담뱃불실화
광주,입산자실화
강원,산림사업장(담뱃불)
경북,모닥불비화
서울,미상
충남,화목보일러화재비화
강원,산업현장실화(공사장용접)
충남,입산자실화
경기,미상
인천,화목난로재부주의
경북,비닐하우스화재비화
경남,주텍화재비화
강원,미상
경기,쓰레기소각(생활)
경북,화목보일러재투기
경기,미상
경기,미상
전북,입산자실화
경북,전기목책지합선
강원,쓰레기소각(생활)
경기,쓰레기소각(생활)
경기,미상
경북,주택화재비화
충북,입산자실화
충남,입산자실화
강원,건축물화재비화
전남,담뱃불실화
울산,농업부산물소각(과수원)
전북,입산자실화
경북,방화추정
충북,입산자실화
경기,입산자실화
경남,입산자실화
경기,입산자실화
충남,입산자(야영객)실화추정
충남,주택화재
경기,논밭두렁소각
전북,입산자실화
강원,미상
경기,입산자실화
전남,입산자실화
충남,입산자실화
경남,주택전기누전추정
경기,담뱃불실화
경기,입산자실화
부산,주택내가연물
경기,미상
경북,쓰레기(드럼통)소각
경기,담뱃불실화
전북,입산자실화
경남,쓰레기소각(생활)
경북,공장화재비화
경남,담뱃불추정
경북,반사필름에의한전신주스파크크
경북,농산폐기물소각
경남,쓰레기소각(생활)
강원,창고화재
충남,미상
전북,입산자실화
경기,주택화재비화
경기,아궁이재비산
부산,조사중
전북,입산자실화
강원,쓰레기소각(생활)
경기,미상
전남,불씨취급부주의
전남,입산자실화
강원,미상
경남,입산자실화
세종,묘지잔가지소각비화
부산,조사중
전남,밭두렁소각
충북,성묘객실화
경기,성묘객실화
충북,입산자실화
세종,미상
충남,입산자실화
강원,불씨취급부주의
경남,쓰레기소각
경북,농업부산물소각
충남,입산자실화
부산,미상
경기,오발탄으로인한화재
경기,미상
대구,비닐하우스화재(양봉장작업)
경기,공장화재비화
경기,쓰레기소각
경북,산림사업장실화
강원,성묘객실화(향불)
울산,입산자실화(무속행위)
경기,미상
경북,밭두렁소각
전남,담뱃불추정
경기,미상
경남,건축물실화
경북,산림사업장실화
부산,조사중
경남,용접불씨전이
세종,담뱃불추정
강원,화목보일러재투기
경기,농업부산물소각
경북,농업부산물소각
경북,화목보일러재투기
경북,입산자(등산객)실화
울산,입산자실화
경기,쓰레기소각
강원,밭잡초소각
충남,잡풀소각
경남,성묘객실화
경북,입산자실화
경기,화목보일러재투기
전남,묘지쓰레기소각
경기,화목보일러블씨
경북,쓰레기소각
충남,입산자실화
경기,미상
강원,미상
전북,입산자실화
울산,입산자담뱃불실화
경북,입산자실화
경남,축사화재
전남,담뱃불실화
경남,산업현장실화(용접불꽃)
경북,전신주전선로아크발생
울산,산업현장실화
경기,쓰레기소각
전북,쓰레기소각
울산,입산자실화
경북,미상
경북,공장화재비화
경북,쓰레기소각추정
대구,화목난로 재
경남,쓰레기소각추정
경북,산업현장실화(데크용접중)
경기,미상
경남,쓰레기소각
경기,미상
경기,산업현장실화
부산,조사중
부산,입산자실화
경북,입산자실화
경남,쓰레기소각
강원,전주계량기
경북,입산자실화
경북,입산자실화
경북,주택화재비화
경기,조사중
경북,화목보일러재처리부주의
경기,히우스화재비화
인천,미상
부산,조사중
경남,입산자실화
경기,미상
강원,입산자실화
경북,밭두렁소각
경기,입산자실화
경북,담뱃불실화추정
경기,조사중(담뱃불추정)
강원,주택화재
경북,입산자실화
경남,입산자실화
경북,입산자실화
경기,담뱃불실화
전남,입산자실화
경기,미상
경남,입산자실화
강원,산림사업장실화
경남,방화추정
경남,입산자실화
전북,입산자실화
경남,입산자실화
울산,용접작업
경북,입산자실화
충북,재처리부주의
경남,입산자실화
경북,재처리부주의
경기,미상
경남,쓰레기소각
경남,건축물실화
충남,입산자실화
경기,수목정비인부실화
대구,입산자(등산객)실화
경기,미상
경남,농산부산물소각
충북,발전기모터과열추정
경북,컨테이너전기누전추정
강원,미상
경북,담뱃불실화추정
대구,화목난로비화
강원,화목보일러재투기
전남,담뱃불실화
경북,축사전기누전
충남,입산자실화
경북,주택화재전이
충북,미상
경남,미상
전남,쓰레기소각
전남,입산자실화
대구,비닐하우스화재전이
강원,주택화재전이
전북,쓰레기소각
전남,미상
경북,입산자실화
경북,입산자실화
울산,입산자실화
전남,쓰레기소각
충남,원인미상
강원,재무단투기
부산,입산자실화
경남,미상
경남,주택내취사행위
경북,재투기추정
경남,담뱃불실화
경기,미상
경남,주택아궁이불씨비화
경기,군사훈련전이
경남,입산자실화
부산,입산자실화
강원,화목보일러 재 투기
전남,입산자실화
전북,주택부지내야외조리중부주의
전북,입산자실화
경남,담뱃불실화
울산,입산자실화
울산,입산자실화
울산,입산자실화
경남,미상
충남,입산자실화
경기,입산자실화
경기,방화
경북,쓰레기소각
전남,입산자실화
경북,담뱃불실화
경남,그라인더 작업
경기,화목보일러 재 투기
경기,미상
강원,생활쓰레기소각
경북,입산자실화
인천,입산자실화
전남,미상
대전,등산객실화추정
인천,쓰레기소각
충남,입산자실화
충남,입산자실화
인천,입산자실화
강원,낙뢰
충남,낚시객실화
대전,미상
경북,미상
강원,미상
경기,건축물실화
전남,입산자실화
충북,입산자실화
울산,입산자실화
경북,미상
강원,낙뢰
강원,미상
강원,쓰레기소각
전남,입산자실화
경북,공장화재
강원,전기누전
전남,쓰레기소각
강원,산림사업장실화
경기,입산자실화
전북,낙뢰추정
충북,입산자실화
강원,어린이블장난(라이터)
강원,미상
강원,어린이블장난(라이터)
전남,입산자실화
경북,입산자실화
대전,입산자실화
강원,입산자실화
강원,입산자실화(담뱃불)
강원,미상
강원,입산자실화
경기,담뱃불실화
경기,성묘객실화
대구,미상
전남,입산자실화
충북,입산자실화
강원,낙뢰
전북,미상
전북,미상
강원,낙뢰
광주,미상
강원,입산자실화
전북,입산자실화
대구,입산자실화
경남,산나물채취자실화
경남,입산자실화
전남,입산자실화
전북,입산자실화
충북,입산자실화
경기,건축물실화
강원,입산자실화
전북,입산자실화
강원,입산자실화(담뱃불)
경기,입산자실화
충남,입산자실화
경북,입산자실화
경북,미상
경북,입산자실화
전남,입산자실화
경북,담뱃불실화
전남,입산자실화
전북,농산폐기물소각
부산,용접작업
충남,미상
경기,담뱃불실화
충남,입산자실화
경남,입산자실화
강원,생활쓰레기
경북,미상
충남,입산자실화
강원,미상
경기,담뱃불실화
전남,입산자실화
경북,용접작업
강원,밭두렁소각
전북,입산자실화
경북,쓰레기소각추정
강원,입산자실화
경기,입산자실화
경남,입산자실화
경남,미상
경기,미상
대전,입산자실화(담뱃불)
전남,쓰레기소각
강원,산림사업장
경기,입산자실화
강원,연탄재투기
경북,입산자실화
전남,입산자실화
경북,입산자실화
인천,입산자실화
경북,미상
충남,입산자실화
경기,미상
충남,입산자실화
충남,입산자실화
전북,입산자실화
전남,입산자실화
경북,입산자실화
전북,입산자실화
경북,작엄장실화
충남,입산자실화
전북,입산자실화
경기,건축물실화
전남,입산자실화
전남,입산자실화
충남,입산자실화
경기,용접불꽃
전남,입산자실화
경기,농산폐기물소각
경남,담뱃불실화
경북,성묘객실화
경기,성묘객실화
울산,담뱃불실화추정
경북,입산자실화
경기,숯불재투기
전북,성묘객실화
충북,(용접불씨
경남,농산부산물소각
경기,담뱃불실화
경기,담뱃불실화
경기,입산자실화
서울,미상
경기,쓰레기소각
경기,성묘객실화
충남,입산자실화
충남,담뱃불실화
강원,노후화된불발탄
강원,예초기불씨
경북,농산폐기물소각
강원,군 발물처리
경북,농산폐기물소각
경기,담뱃불실화
경북,쓰레기소각
경북,아궁이재처리부주의
경기,담뱃불실화
충남,쓰레기소각
전남,입산자실화
경남,미상
경기,공장화재
경남,농산부산물소각
전북,성묘객실화
전북,입산자실화
울산,비닐하우스누전
경기,입산자실화
강원,입산자실화
경북,절단작업불씨
충북,담뱃불실화
전북,밭두렁
경남,밭두렁
경북,쓰레기소각
경기,입산자실화
경기,고구마세척장전기누전
경기,농업부산물소각
경북,입산자실화
경기,미상
충남,입산자실화
전북,영농부산물소각
서울,입산자실화
경기,쓰레기소각
인천,농업부산물소각
전북,성묘객실화
경기,성묘객실화
경기,농산폐기물소각
경기,담뱃불실화
강원,농산폐기물소각
전남,입산자실화
경남,농산폐기물소각
경기,팬션화재비화
전북,입산자실화
경기,담뱃불실화
울산,성묘객담뱃불실화
경기,쓰레기소각
경기,미상
경기,담뱃불실화
경기,담뱃불실화
충남,입산자실화
경기,쓰레기소각
경기,농산폐기물소각
경기,입산자실화
강원,입산자실화
인천,쓰레기소각
경기,입산자실화
경기,쓰레기소각
경기,담뱃불실화
경기,담뱃불실화
경북,입산자실화
충남,성묘객실화
충남,입산자실화
충남,입산자실화
경북,절단기불씨
인천,입산자실화(담뱃불)
경기,공장화재
경기,변압기추락
전남,담뱃불실화
경기,방화
울산,입산자실화
대구,입산자실화
강원,미상
경북,열선축열 추정
충남,"담뱃불실화추정(사:25.25, 국:5.88)"
경남,주택화재
경북,미상
충북,화목보일러재처리부주의 
전북,논두렁소각
경북,미상
경남,담뱃불실화
전남,입산자실화
경남,미상
경북,입산자실화
충남,향불발화
강원,아궁이재처리부주의
강원,입산자실화
전남,입산자실화
강원,미상
강원,주택화재
경남,방화
강원,입산자실화(담뱃불)
울산,과수원폐기물소각
경기,차량화재
대구,미상
경기,낙엽소각
전남,성묘객실화
서울,입산자실화
전남,성묘객실화
전북,성묘객실화
경기,성묘객실화
경기,쓰레기소각
전남,전압선누전
경남,화목보일러불씨부주의
경기,쓰레기소각
경북,양봉장불씨처리부주의
경기,담뱃불실화
경북,농산물쓰레기소각
강원,입산자실화
전남,어린이불장난추정
경북,쓰레기소각추정
경남,쓰레기소각
경북,입산자실화
경남,농산부산물소각
경북,묘지주변소각
강원,연탄재추정
전남,입산자실화
인천,농업부산물소각
경북,비닐하우스화재
경북,공사장용접
경남,담뱃불실화주정
대구,입산자실화
대구,입산자실화
경남,닭장전기누전
강원,미상
경남,미상
경남,건축물실화
경남,담뱃불실화추정
경북,자연발화
부산,미상
경남,담뱃불실화 추정
부산,미상
강원,전신주공사
경기,쓰레기소각
강원,입산자실화
대구,미상
경북,입산자실화
서울,입산자실화
강원,미상
경북,입산자실화
울산,과수원전기합선
경북,미상
경기,입산자실화
경북,미상
경북,미상
강원,입산자실화
경기,담뱃불실화
경남,쓰레기소각
경북,미상
경북,미상
경기,입산자실화
경남,화목보일러불씨부주의
강원,입산자실화
경북,건축물실화
경북,방화추정
부산,미상
경북,입산자실화
경기,담뱃불실화
경기,입산자실화
경북,방화
경북,방화
경기,입산자실화
경북,화목보일러재처리부주의 
경남,담뱃불실화
경남,입산자실화
경기,산업현장실화추정
경북,굴삭기과열추정
경기,입산자실화
경기,화목보일러재처리부주의 
경기,창고화재
경기,입산자실화
경기,야영장모닥불
경기,담뱃불실화
충남,건축물실화(주택화재비화)
경기,담뱃불실화
전남,성묘객실화(묘지주변부산물소각)
강원,입산자실화
충남,화목보일러재비화(양계장)
경기,담뱃불실화
경기,담뱃불실화
경북,미상
경북,건축물실화(주택화재)
부산,입산자실화
인천,담뱃불실화
경기,입산자실화
울산,쓰레기소각(종이박스류)
전북,입산자실화
경기,목재펠릿보일러재투기
경기,논밭두렁소각
경남,입산자실화
부산,담뱃불실화
충남,입산자실화
경북,화목보일러 재투기
경북,입산자실화
경북,미상
경북,미상
울산,쓰레기소각
경남,건축물실화
울산,입산자실화
부산,입산자실화
경기,쓰레기태우기
강원,건축물실화
강원,입산자실화
강원,담뱃불실화
경기,담뱃불실화
경기,야영객취사
울산,쓰레기소각
부산,산업현장실화(용접중불꽃)
경기,전기합선(도복목으로인한)
강원,화목보일러재처리부주의
대구,입산자실화
울산,입산자실화
경북,화목보일러재투기
전남,화덕불씨취급부주의
경북,농산폐기물소각
전남,차량화재
강원,화목보일러불씨
경북,담뱃불실화
경남,농업부산물 소각
경기,소각재 투기
경기,방화
경북,입산자실화
강원,입산자실화
경북,입산자실화
경북,건축물화재전이
전북,입산자실화
경기,건축물실화
경북,군부대실화추정
경기,쓰레기소각
경기,담뱃불실화
경남,입산자실화
경기,담뱃불실화
경북,입산자실화
광주,입산자실화
경남,입산자실화
경북,전기합선
전북,입산자실화
경북,농산폐기물소각
경기,건축물실화
경북,미상
울산,전기누전(비닐하우스)화재
경남,입산자실화
경북,벌집소각재부주의
경기,입산자실화
충북,쓰레기소각
제주,입산자실화
경기,입산자실화
경기,건축물실화
경기,건축물실화
부산,담뱃불실화
경남,입산자실화
경기,입산자실화
경기,입산자실화
경기,입산자실화
충북,공장화재 비화
경북,아궁이재처리소홀
강원,입산자실화
경기,입산자실화
경북,입산자실화
충남,입산자실화
경기,쓰레기소각
강원,입산자실화
경기,쓰레기소각
경기,담뱃불실화
경기,군사훈현
충남,입산자실화
경북,입산자실화
대구,입산자실화
경기,입산자실화
강원,입산자실화
서울,입산자실화
경기,입산자실화
강원,농산폐기물소각
경북,입산자실화
경기,담뱃불실화
경기,쓰레기소각
경북,미상
강원,미상
경북,미상
경남,입산자실화
경기,입산자실화
충남,입산자실화
강원,입산자실화
충남,입산자실화
경기,입산자실화
경남,입산자실화
전북,입산자실화
전북,입산자실화
부산,담뱃불실화
강원,입산자실화
경북,입산자실화
강원,입산자실화
경남,쓰레기 소각
강원,입산자실화
인천,입산자실화
경기,입산자실화
경남,입산자실화
강원,입산자실화
경북,입산자실화
전남,입산자실화
경북,미상
경기,농산폐기물소각
강원,입산자실화
경기,미상
경기,전신주도복에의한발화(추정)
경기,담뱃불실화
경기,입산자실화
경기,용접불꽃
경기,쓰레기태우기
경기,건축물실화(무속행위)
강원,입산자실화
대구,입산자실화
경기,담뱃불실화
경기,송전선로합선
경남,송전선로스파크(추정)
경기,입산자실화
부산,송전선로 스파크
부산,입산자실화
강원,입산자실화
부산,입산자실화
경기,담뱃불실화
경남,송전선로스파크(추정)
세종,입산자실화
부산,담뱃불실화
경북,화목보일러불씨부주의
부산,경작지내 소각
경북,미상
경북,미상
경남,건축물실화
경북,미상
경북,입산자실화
울산,주택화재비화
경북,미상
대구,입산자실화
경북,미상
경북,담뱃불실화
경남,농산폐기물소각
경남,농산폐기물소각
경북,쓰레기소각
경북,쓰레기소각
경북,입산자실화
울산,입산자실화
경북,낙뢰
전남,방화 추정
부산,입산자실화
경북,농산부산물소각
대구,입산자실화
강원,전기누전 추정
강원,주택화재
강원,입산자실화
인천,담뱃불실화추정
경기,담뱃불실화
서울,입산자실화
인천,담뱃불실화추정
경기,쓰레기태우기
경기,미상
강원,건축공사장(그라인더절단작업)
서울,미상
경북,미상
강원,주택화재비화
강원,입산자실화
강원,입산자실화
경기,방화
충남,담뱃불실화추정
경북,쓰레기소각
충북,입산자실화(취사행위)
경북,미상
강원,입산자실화
경기,건축물실화
경기,소각재 기
경북,입산자실화
경기,입산자실화
경기,입산자실화
강원,입산자실화
경남,입산자실화
경기,건축물실화
경기,담뱃불실화
경기,담뱃불실화
인천,담뱃불실화추정
대구,입산자실화
경기,담뱃불실화
전남,논밭두랑소각
경기,입산자실화
경기,미상
경기,산업현장실화
강원,입산자실화
대전,성묘객실화
경기,산업현장실화
경기,미상
강원,미상
경기,미상
충북,입산자실화
전남,입산자실화
제주,미상
경남,기계톱과열
전남,농산폐기물소각
충남,입산자실화
충남,입산자실화
전북,입산자실화
부산,담뱃불실화
경북,미상
경북,입산자실화
강원,미상
충북,입산자실화(담뱃불)
강원,입산자실화
충남,입산자실화
충남,담뱃불실화
강원,화목보일러불씨취급부주의
강원,미상
전남,밭두렁소각
경기,미상
충남,입산자실화
경기,쓰레기소각
경기,담뱃불실화
경북,미상
경북,미상
충북,화목보일러재취급부주의
경북,미상
대구,건축공사중불씨부주의
강원,입산자실화
경기,미상
경북,입산자실화
경기,입산자실화
전남,논두렁소각
경기,입산자실화
충북,입산자실화(산나물채취자)
전남,입산자실화
대구,입산자실화
경기,미상
경기,산업현장실화(용접불꽃)
울산,입산자실화
경북,주택화재비화
강원,입산자실화
경기,입산자실화
경북,영농부산물소각
강원,입산자실화
경기,미상
경기,미상
경기,담뱃불실화
경기,미상
경기,입산자실화
경기,입산자실화
전남,산업현장실화(누전)
충북,입산자실화(산나물채취자)
경북,미상
전북,태양광보수용접작업
강원,쓰레기소각
충남,입산자실화
충남,담뱃불실화
경기,소각재투기
경기,미상
강원,건축물화재비화
경기,건축물실화
경기,건축물실화
충남,입산자실화
경기,입산자실화
경기,오토바이화재
인천,담뱃불실화추정
경기,미상
경기,쓰레기소각
강원,담대꽁초투기
경기,쓰레기소각
경기,미상
강원,벌레집소각
강원,재소각(화덕)
경기,입산자실화
경기,미상
전남,산업현장실화(용접중불꽃)
경기,건축물실화(보일러실)
경기,건축물실화(음식점)
경기,쓰레기(신문지)소각
전북,입산자실화
울산,입산자실화
전남,대나무소각
경북,입산자실화
울산,입산자실화
경북,입산자실화
경북,방화
전북,잡풀소각
부산,담뱃불실화
경기,건축물실화
경기,입산자실화
강원,재처리부주의
경남,기계톱과열
경북,주택화재비화
충남,입산자실화
경기,담뱃불실화
강원,산업현장실화(용접불꽃)
경북,입산자실화
경기,쓰레기소각
인천,입산자실화
경기,농산폐기물소각
전남,쓰레기소각(생활쓰레기)
경북,미상
경기,산업현장실화(그라인더불꽃)
경기,입산자실화(성묘객)
경북,전기누전(물탱크)
경남,입산자실화
경북,용접불꽃추정
경남,산업현장 실화
충남,입산자 실화
경기,입산자실화
경북,쓰레기소각
전남,입산자실화
울산,밧데리폭발
경북,미상
전북,입산자실화
경기,입산자실화
충북,성묘객실화(담뱃불)
전남,용접불꽃추정
경기,차량화재비화
경기,가건물화재비화
경기,입산자실화
경기,미상
경기,농산폐기물소각
경기,건축물실화
광주,쓰레기소각
경북,연탄재투기
강원,미상
경기,건축물실화
경남,담뱃불실화
경북,입산자실화
경기,산업현장(그라인더불꽃)
경남,입산자실화
경기,입산자실화
강원,농업부산물소각
강원,미상
경기,쓰레기소각
전남,입산자실화
강원,입산자실화
경북,미상
경북,입산자실화
경기,산업현장실화
경북,담뱃불실화
경기,미상
강원,주택화재비화
경기,담뱃불실화
경남,농산폐기물소각 
경기,담뱃불실화
세종,입산자실화
전남,쓰레기소각
경북,입산자실화
경기,담뱃불실화
경기,미상
경기,건축물실화
경기,입산자실화
경기,미상
강원,성묘객실화(담뱃불)
인천,경작지소각
강원,입산자실화
경기,입산자실화
경기,농산폐기물소각 
경기,불씨취급 부주의
경기,농산폐기물소각 
경기,쓰레기소각
경기,농산폐기물소각 
경기,건축물실화
경기,입산자실화
경기,담뱃불실화
경기,미상
경기,담뱃불실화
강원,입산자실화
강원,쓰레기소각
경기,쓰레기소각
충남,입산자실화
경북,미상
대구,입산자실화
경남,입산자실화
강원,잔가지소각
경북,미상
경기,논밭두렁소각
경기,쓰레기소각
경기,미상
경기,담뱃불실화
경북,양봉장불씨부주의
경북,쓰레기소각추정
전남,담뱃불실화
경기,소각재투기
경기,방화
경기,입산자실화
경기,쓰레기소각
전남,주택아궁이재
전남,입산자실화
경북,농산폐기물소각
경북,농산부산물소각
경기,입산자실화
경기,입산자실화
경기,전선발화
전북,담뱃불실화
경북,성묘객실화
경북,쓰레기소각
경남,입산자실화
경북,농산폐기물소각
경남,입산자실화
경북,입산자실화
전남,쓰레기소각
경기,입산자실화
경기,소각재 투기
경기,입산자실화
울산,쓰레기소각
전북,양수기과열
경기,담뱃불실화
부산,입산자실화
경기,담뱃불실화
충남,쓰레기소각
경기,성묘객실화
인천,불법소각
경기,건축물실화
경북,농산폐기물소각
경기,담뱃불실화
전북,담뱃불실화
경북,쓰레기소각
경기,쓰레기소각
충남,입산자실화
경기,입산자실화
강원,화목보일러불씨
울산,입산자실화
경기,소각재투기
경기,쓰레기소각
충북,주택화재 전이
전남,방화
경기,쓰레기소각
대전,주택화재(창고)
경북,쓰레기소각
대구,입산자실화
전북,입산자실화
경남,입산자실화
전북,농산부산물소각
충남,건축물 실화
경기,사망화재
경북,입산자실화
충남,입산자실화
충남,산업현장실화
인천,불법소각
충남,입산자실화
경북,주택화재전이
경남,담뱃불실화추정
경북,담뱃불실화
전남,담뱃불실화추정
경남,전봇대스파크
전남,담뱃불실화추정
경기,담뱃불실화
전남,용접작업중불씨(묘지주변)
전북,입산자실화
경기,입산자실화
울산,입산자실화
경북,쓰레기소각
강원,전선스파크발화
경북,담뱃불실화
경남,입산자실화
경기,담뱃불실화
대구,입산자실화
강원,연탄재투기
서울,입산자실화
전남,쓰레기소각
경기,담뱃불실화
대구,입산자실화
경남,건축물실화
전북,입산자실화
전남,농산부산물소각
충남,입산자실화
경북,아궁이 재투기
경기,담뱃불실화
경남,담뱃불실화추정
부산,쓰레기소각
경북,입산자실화
경기,성묘객실화
세종,입산자실화
경기,담뱃불실화
전남,미상
경기,농산폐기물소각
충남,화목보일러불티
경기,농산폐기물소각
경북,미상
인천,입산자실화
강원,입산자실화
강원,캠핑장불씨부주의
전북,입산자실화
경기,주택화기불씨부주의
경기,건축물실화
울산,입산자실화
대구,입산자실화
경기,입산자실화
경북,농산폐기물소각
경기,입산자실화
경북,농막그라인드불씨부주의
경남,쓰레기소각
충남,쓰레기소각
전북,농산물소각
경기,쓰레기소각
전남,영농부산물소각
충남,입산자실화
대전,논밭두렁소각
경기,쓰레기소각
경기,입산자실화
경기,잡풀소각(농사목적)
강원,미상
경북,쓰레기소각
경기,쓰레기소각
충남,쓰레기소각
강원,쓰레기소각
강원,입산자실화
경기,쓰레기소각
경기,농산폐기물소각
경기,입산자실화
울산,입산자실화
전남,농산폐기물실화
경북,쓰레기소각
경남,성묘객실화
경기,담뱃불실화
경북,차량화재
대구,입산자실화
경기,입산자실화
경기,소각재투기
경북,농산폐기물실화
대구,입산자실화
인천,무단취사
경기,담뱃불실화
세종,온수공급호스연결부주의
경남,입산자실화
경기,어린이불장난
경기,입산자실화
강원,밭두렁소각
경북,화목보일러불티부주의
경남,담뱃불실화추정
충북,쓰레기소각
울산,농산폐기물실화
경북,미상
경북,입산자실화
전북,입산자실화
경북,미상
경기,영농폐기물소각
경기,산업현장 비화(용접중불꽃)
충남,입산자실화
경기,입산자실화
경북,담뱃불실화
인천,입산자실화
경기,논밭두렁소각
충남,화목보일러불티
충남,입산자실화
경기,담뱃불실화
대구,입산자실화
경북,건축물화재비화
강원,담뱃불실화추정
경남,건축물화재비화
전북,입산자실화
충북,성묘객실화
경남,논밭두렁소각
경기,입산자실화
경기,미상
강원,쓰레기소각
강원,쓰레기소각
경남,담뱃불실화추정
경기,건축물실화
전남,논두렁소각
경기,건축물실화
전북,쓰레기소각(움막주변)
경기,담뱃불실화
충북,등산객실화(담뱃불)
경북,전기합선(도복목으로인한)
경북,산업현장실화(기계톱과열)
경기,산업현장실화(용접중불꽃)
강원,미상
충남,쓰레기소각
경기,미상
경기,입산자실화
경기,담뱃불실화
경북,미상
경기,쓰레기소각
충남,입산자실화
경기,담뱃불실화
경기,입산자실화
경기,담뱃불실화 
강원,미상
경기,미상
경북,건축물화재 비화
경남,입산자실화
경기,용접중불씨비화
경기,창고화재
전북,입산자실화
경기,미상
인천,영농부산물소각
전남,쓰레기소각
강원,화목보일러불씨추정
경기,담뱃불실화 
전남,입산자실화
전남,미상
강원,입산자실화(추정)
강원,담뱃불실화
강원,입산자실화
강원,쓰레기소각(생활)
강원,입산자실화 추정
강원,전기요인 추정
경기,원인미상
경기,건출물실화(가구공장 전소)
울산,입산자실화
광주,원인미상
경남,쓰레기 소각
강원,입산자실화
전남,등산객 실화추정
경북,입산자 실화
충남,원인미상
전북,입산자 실화
강원,쓰레기 소각
충북,쓰레기 소각
경남,건축물 실화 추정
충남,비닐하우스 소각(미상)
충남,입산자실화(원인미상)
경남,아궁이 불씨 비화
전북,농산부산물 소각
경북,농기계 수리중 폭발
울산,공사장 용접불꽃
강원,원인미상
강원,군부대 조명탄(신호킷 추정)
충남,농산폐기물 소각
경북,공장화재 비화
강원,주택화재
전남,건축물 화재(주택내 전기누전)
강원,담뱃불 실화
강원,농산폐기물 소각
경기,전선스파크
경북,쓰레기 소각
전북,입산자실화(추정)
경기,공장화재 비화
경기,원인미상
경기,원인미상
부산,움막에서 화재
경남,용접작업 중 불씨(추정)
경남,원인미상
경기,원인미상
강원,입산자실화 추정
경북,원인미상
경남,원인미상
충남,입산자 실화(원인미상)
전남,축사화재
경기,입산자 실화
전북,입산자 실화(추정)
충남,입산자 실화(원인미상)
경남,원인미상
경기,쓰레기태우기
경북,원인미상
경북,원인미상
경남,입산자 담뱃불 실화추정
경기,원인미상
인천,원인미상
충남,입산자 실화(원인미상)
경기,원인미상
경북,쓰레기 소각
인천,캠핑객 실화
경기,입산자 실화
충남,쓰레기 소각(나뭇잎 등)
경기,(화목)보일러 재
강원,입산자 실화추정
강원,풀베기 작업 중 벌집 소각
충남,양계장 화재 비화
강원,농산폐기물 소각
경기,산업현장 실화
강원,담뱃불 실화 추정
경기,원인미상
경기,원인미상
강원,입산자실화
강원,화장실 화재
인천,원인미상
충남,입산자 실화추정
충남,주택화재
전북,입산자 실화추정
세종,농산부산물 소각
충남,입산자 실화
충남,입산자 실화
경기,쓰레기 소각
경기,입산자 실화
경북,입산자 실화추정
경북,쓰레기 소각
경북,농산폐기물 소각
서울,원인미상
경북,입산자 실화추정
울산,농산폐기물 소각
전북,입산자 실화
경북,원인미상
강원,입산자 실화추정
경기,담뱃불 실화
경기,건축물 실화(사찰 창고 화재)
경북,목조주택화재 산불전이
경기,입산자실화
충남,입산자 실화추정
경북,쓰레기적치장 소각 중 전이추정
인천,원인미상
경북,입산자 실화추정
경기,입산자 실화
경북,묘지근처 개미굴 소각
경기,성묘객 실화
충남,원인미상
전북,입산자 실화추정
경북,입산자 실화추정
강원,입산자 실화추정
경기,원인미상
대구,입산자 실화
강원,입산자 실화
경북,쓰레기 소각추정
경기,원인미상
경북,입산자 실화
강원,입산자 실화
경기,주택 정화조 모터과열
경기,입산자 실화
경기,어린이 불장난(모닥불)
경북,입산자 실화추정
울산,입산자 실화
경기,입산자실화
강원,원인미상
전남,고사리밭 소각
경북,산나물 채취자 실화추정
경기,입산자실화
충남,입산자 실화
울산,입산자 실화
경기,건축물 실화
경북,입산자 실화추정
경북,입산자 실화추정
경남,원인미상
경기,원인미상
경기,원인미상
충남,입산자 연등관리 소홀 추정
경남,원인미상
경기,쓰레기 소각
경기,입산자 실화추정
충북,원인미상
전남,쓰레기 소각
강원,원인미상
경북,입산자 실화추정
대전,원인미상
부산,입산자 실화
경북,입산자 실화추정
강원,취사행위
경기,등산객 실화
경기,등산객 담배꽁초 추정
강원,입산자 실화
경기,원인미상
경북,입산자 실화추정
전남,입산자 실화
인천,원인미상
경북,입산자 실화
경기,입산자 실화
경기,입산자 실화
경북,입산자 담뱃불 실화추정
전북,입산자 실화
경기,입산자 실화
울산,입산자 실화추정
강원,원인미상
인천,원인미상
경북,입산자 실화
경기,철제 고물 절단 중 불꽃비화
충남,입산자 실화추정
충북,원인미상
경기,원인미상
경기,원인미상
울산,입산자 실화
경기,입산자 실화
경기,산업현장 실화
경기,차량화재
강원,용접불씨
경기,원인미상
강원,입산자 실화추정
경기,원인미상
강원,입산자 실화
충북,쓰레기 소각추정
전북,입산자 실화추정
강원,입산자 실화추정
전남,입산자 실화
경남,취사-고사리밭
충남,캠핑장 불씨추정
경기,쓰레기 소각
전북,임산물 채취자에 의한 발화추정
충남,입산자 실화추정
부산,입산자 담뱃불 추정
강원,숯불 재 투기
강원,입산자 실화
강원,입산자 실화추정
경기,입산자 실화
인천,원인미상
강원,입산자 실화추정
경기,원인미상
경북,입산자 실화추정
강원,공장화재(배전판 누선)
강원,입산자 실화추정
경기,원인미상
경기,논밭두렁 소각
경남,원인미상
경북,원인미상
경기,입산자실화 추정
충북,입산자 실화
경기,논밭두렁 소각
충북,논밭두렁 소각
서울,원인미상
강원,쓰레기 소각(폐목재)
충남,입산자 실화추정
경북,입산자 실화추정
경기,입산자 실화추정
충북,밭두렁 소각
전북,입산자 실화추정
전북,쓰레기 소각(고사리 삶은 불씨 잔재)
충남,원인미상
경기,담뱃불 실화
강원,입산자 실화추정
경북,원인미상
경기,소각 재 투기
충남,농산폐기물 소각
경기,담뱃불 실화
충남,입산자 실화
경기,쓰레기 소각
광주,분신자살 추정
경북,농산부산물 소각
대전,하우스 화재
경북,원인미상
대구,입산자 실화추정
경기,용접 중 발화(잔디)
경기,용접(코바네트)발화
경기,용접 중 발화
강원,담뱃불 추정
경기,원인미상
경북,잡풀소각
경기,논밭두렁 소각
경기,용접 중 발화
충남,산나물 채쥐자 실화추정
경남,입산자 실화추정
강원,공업사 용접
대전,원인미상
경기,쓰레기 소각
부산,원인미상
강원,입산자 실화추정
경북,공장화재 전이
경기,원인미상
경북,원인미상
충북,입산자 실화추정
경북,입산자 실화추정
부산,원인미상
충남,쓰레기 소각(도로변 소각)
경기,입산자실화
충남,성묘객 실화(묘지부산물 소각)
서울,방화
경기,원인미상
경기,입산자 실화추정
강원,방화
충북,쓰레기 소각
대전,산소 벌집제거 중 발화
부산,원인미상
경기,농산폐기물 소각
경기,담뱃불 실화
전북,양계장 쓰레기 소각
경기,담뱃불 실화
경기,고물상 화재발생 스티로폼 비화
충북,쓰레기 소각
강원,입산자 실화추정
경기,농산폐기물 소각
경기,원인미상
경기,농산폐기물 소각
충남,건축물 실화
충북,농업부산물 소각
경북,성묘객 실화
경기,쓰레기 소각
서울,원인미상
경남,등산객 실화추정
경기,원인미상
강원,농산폐기물 소각
부산,원인미상
경북,입산자 실화추정
대구,입산자 실화
경북,성묘객 실화추정
경북,밭두렁 소각
경북,입산자 실화추정
경북,입산자 실화추정
경북,성묘객 실화
경남,쓰레기 소각추정
경북,성묘객 실화
부산,입산자 실화
부산,입산자 실화
충남,성묘객 실화
전남,농산폐기물 소각
대구,입산자 실화
경남,담뱃불 추정
경북,성묘객 담뱃불 실화
경기,비닐하우스 화재
경북,입산자 실화추정
경북,장동리 산불 불씨 비화
부산,원인미상
강원,"신당 전기초 합선(강릉:1033.07,동해:227.08)"
충북,방화추정
경기,원인미상
강원,"특고압 전선 아크 불티(고성:936.14,속초:330.48)"
경기,담뱃불 실화
강원,장례용품 소각
경남,왕겨소각 후 잔불 창고 화재
충남,입산자 실화추정
강원,쓰레기 소각
경북,입산자 실화추정
경북,원인미상
경기,쓰레기 소각
경기,논밭두렁 소각
충남,입산자 실화
강원,성묘객 실화(우편물 소각)
경북,입산자 담뱃불 실화
충남,입산자 실화
경남,쓰레기 소각
경기,원인미상
전남,원인미상
경남,건축물 실화
경북,입산자 실화추정
경기,논밭두렁 소각
경북,주택화재 전이
경남,원인미상
강원,숯가공 재처리 부주의
경기,쓰레기 소각추정
경기,쓰레기 소각
전북,입산자 실화
충남,입산자 실화
경남,입산자 실화추정
전남,원인미상
경남,임도공사 암반절취 마찰 불꽃
경남,원인미상
충남,묘지단장 작업 중 실화
경북,밭두렁 소각추정
경북,주택화재
부산,쓰레기 소각
경남,건축물 실화추정
경기,농산폐기물 소각
경남,원인미상
인천,아궁이 불씨
경기,쓰레기 소각
경기,컨테이너 화재
전남,용접작업 중 불씨
경북,원인미상
경남,입산자 실화추정
인천,원인미상
강원,잔디소각
전남,원인미상
전남,입산자 실화
울산,입산자 실화
대구,쓰레기 소각
경기,쓰레기 소각
전북,농가화재(조사중)
경북,벌통 소독
전남,입산자 실화
경남,원인미상
경북,생활폐기물 소각
경기,입산자 실화
경북,성묘객 실화
경기,농산폐기물 소각(과수원)
경기,비닐하우스 화재
경기,원인미상
전남,쓰레기 소각추정
경북,농산폐기물 소각(트랙터 밧줄)
세종,쓰레기 소각
전남,쓰레기 소각
경남,논사 화재 비화
전남,그라인더 파이프 절단 중 화재
경북,고물상 화재 전이
경북,농산폐기물 소각 추정
경북,쓰레기 소각
경북,쓰레기 소각추정
경기,원인미상
부산,원인미상
경남,원인미상
경남,원인미상
전북,쓰레기 소각추정
경남,원인미상
경북,입산자 실화추정
대구,입산자 실화
경북,농산폐기물 소각
울산,입산자 실화
충남,원인미상
경기,군부대 전선손상 합선
경북,쓰레기 소각추정
경북,입산자 실화추정
경북,농산부산물 소각
전북,원인미상
경기,쓰레기 소각
경기,주택화재
경북,쓰레기 소각
경기,쓰레기 소각
경북,쓰레기 소각
경남,입산자 실화추정
경기,쓰레기 소각
경남,원인미상
경기,입산자 실화
전남,원인미상
경북,쓰레기 소각
강원,예초기 조작 과실
전남,밭두렁 소각
전남,쓰레기 소각
경남,원인미상
서울,농업부산물 소각
인천,원인미상
경남,낙뢰(전날 낙뢰 피해지 재발화 추정)
경남,낙뢰
세종,낙뢰
경북,입산자 실화
경남,입산자 실화추정
경북,원인미상
경북,농산폐기물 소각
경기,입산자실화
경북,농산폐기물 소각
경남,원인미상
강원,쓰레기 소각
서울,모델하우스 화재 비화
경남,원인미상
인천,입산자 실화추정
경기,컨테이너 주택 발화추정
경기,(화목)보일러 숯 관리 부실
경기,공장화재 비화
경기,건축물 실화
세종,(화목)보일러 연통 재 비화 추정
강원,입산자실화
강원,원인미상
인천,밭두렁 소각
충북,방화추정
경기,원인미상
경기,농산폐기물 소각
경기,논밭두렁 소각
대전,원인미상
충북,과수원 파이프 절단 작업 중 불꽃 비화
경기,산업현장 실화
경기,농산폐기물 소각
전북,논밭두렁 소각
인천,밭두렁 소각
경남,주택 쓰레기 소각
경북,농산폐기물 소각
강원,산림부산물 소각
경기,원인미상
경기,건축물 화재
강원,(화목)보일러 재 처리불량
경남,농산폐기물 소각
경기,농산폐기물 소각
경남,입산자 실화추정
경기,농산폐기물 소각
경기,입산자 실화
경북,농산부산물 소각(포도전지목)
경남,원인미상
경북,"산림 사업장내 과열된 기계톱 소음기 청소중 기름찌꺼기, 불씨 비화"
경기,입산자 실화
경기,입산자 실화
경기,원인미상
경기,입산자 실화추정
충북,(무속)인 실화추정
경기,쓰레기 소각
강원,농막화재
경기,쓰레기 소각
경북,담뱃불 실화추정
경남,영농부산물 소각
경기,원인미상
경기,입산자 실화추정
경기,원인미상
강원,배수로 낙엽소각
강원,쓰레기 소각
충북,연탄재 관리 부실
경기,입산자 실화추정
경기,쓰레기 소각
강원,쓰레기 소각
경기,쓰레기 소각
경기,원인미상
경북,담뱃불 실화
경북,밭두렁 소각
충남,산나물 채쥐자 실화
경기,입산자 실화추정
경기,입산자 실화
경남,소각으로 인한 발화추정
강원,창고화재 추정
강원,입산자 실화
경남,원인미상
경기,쓰레기 소각추정
충북,밭두렁 소각
경기,논밭두렁 소각
경남,농산폐기물 소각
경기,주택화재 비화
경북,담뱃불 실화추정
인천,쓰레기 소각
경북,자연발화(폐기물 더미 속 발화)
인천,쓰레기 소각
전남,쓰레기 소각(공장)
경남,입산자 실화추정
충북,논밭두렁 소각
부산,방화 추정
인천,담뱃불 실화추정
강원,농산폐기물 소각
강원,쓰레기 소각
경기,(화목)재 취급 부주의
경기,담뱃불 실화
세종,농산폐기물 소각
대전,밭두렁 소각
부산,방화 추정
충남,나물채취 중 실화
전북,농산부산물 소각
충북,농산부산물 소각
부산,입산자 실화(담뱃불)
경남,입산자 실화추정
경북,입산자 실화추정
경남,쓰레기 소각
전남,농산폐기물 소각
전남,밭두렁 소각
경기,입산자실화
충북,묘지 주변 쓰레기 소각
경북,화덕 불씨 전이
경기,쓰레기 소각
경북,담뱃불 실화
경북,잡풀 소각
전남,묘지조성중 실화
경북,주택화재 비화
경북,공장화재
경북,입산자 실화추정
충북,주택화재 비화
전남,묘지주변 정리 중 발화
경북,건축물(계사하우스)화재 비화
경남,입산자 실화
경북,입산자 방화(등상중 부상 구조요청 목적)
경북,꿩사육 대부지 내 관리사 화재 비화
경기,농산폐기물 소각
경기,원인미상
세종,(화목)보일러 재처리 미숙
부산,입산자 실화
전남,쓰레기 소각
경기,농산폐기물 소각
경기,건축물 화재
인천,원인미상
경남,원인미상
경기,농산폐기물 소각
경기,원인미상
충남,주택비화(동파방지하려 아궁이에 피운 불)
인천,인근축사 발화 추정
경북,입산자 실화추정
전남,입산자 실화
울산,입산자 모닥불
경남,건축물 실화
경남,건축물 실화
경북,입산자 실화추정
경북,공장화재 산불전이
경북,농산폐기물 소각
경기,건축물 실화(소요산 관리사무소 화재)
경기,건축물 실화(전기누전)
경남,원인미상
경북,담뱃불 실화추정
경기,입산자실화
경북,(무속)기도용 향불로 인한 발화
경기,원인미상
강원,원인미상
강원,굴삭기 화재
전남,밭두렁 소각
경남,건축물 실화
경북,입산자 실화추정
경기,원인미상
경기,쓰레기 소각
인천,쓰레기 소각
경남,원인미상
전남,묘지사초
경북,입산자 실화추정
강원,쓰레기 소각
경기,입산자 실화(음식점 숯불로 인한 화재)
경기,입산자 실화
인천,원인미상
경기,어린이 불장난
대전,원인미상
부산,쓰레기 소각에 의한 농막 소실
강원,입산자 실화
인천,원인미상
전북,입산자 실화
부산,원인미상
경기,주택보일러 화재 비화 추정
경북,쓰레기 소각
경남,원인미상
경기,쓰레기 소각
강원,담뱃불 실화
경남,원인미상
전남,농산폐기물 소각
강원,담뱃불 실화
강원,(화목)보일러 재 방치
경기,쓰레기 소각
경기,정신질환자 소각
충북,(화목)사찰화목보일러 취급 부주의
울산,담뱃불 실화
경북,원인미상
인천,원인미상
충북,작업장 실화
경남,원인미상
강원,파이프절단중 불씨발화
충북,쓰레기 소각
경기,(화목)난로 부주의
경남,원인미상
강원,원인미상
경기,농막에서 발화추정
경북,입산자 실화추정
경북,원인미상
경남,원인미상
전남,원인미상
전남,원인미상
경기,원인미상
경기,원인미상
강원,입목처분지 벌채작업 중 기계톱 불씨
전북,쓰레기 소각
대전,성묘객 실화(조화소각)
전남,농산폐기물 소각
대전,원인미상
부산,입산자 실화
부산,원인미상
강원,(화목)보일러 재처리 부주의
강원,(화목)보일러 재화재
경북,논밭두렁 소각
충북,농업부산물 소각
충북,닭사육장내 쓰레기 소각
울산,입산자 실화
충남,농산폐기물 소각
부산,원인미상
경남,비닐하우스 화재
전남,원인미상
부산,담뱃불 추정
전남,원인미상
경기,원인미상
세종,쓰레기 소각
경남,입산자 실화
경북,연탄재 투기
강원,재 투기(조사중)
전남,쓰레기 소각
경기,등산객 실화추정
인천,원인미상
경북,입산자 실화추정
경기,난로재 실화
경북,방화
경남,주택 내 쓰레기 소각
경기,전원주택 공사간 드럼통 난로 발화
경북,(화목)보일러 재 투기
충북,창고 화재 비화
충북,원인미상
경기,입산자실화
경기,쓰레기 소각
경북,건축물화재(집불)비화
경북,방화
전북,성묘객 실화(묘지주변 작업)
경북,(화목)보일러 재 투기
경남,입산자 실화
전북,성묘객 실화(묘지주변 발화)
경북,(무속)기도용 촛불
경북,쓰레기 소각
경기,컨테이너 전기합선
경북,원인미상
인천,원인미상
울산,입산자 실화
강원,담뱃불 실화추정
전남,쓰레기 소각
경북,입산자 실화추정
부산,원인미상
전남,쓰레기소각
전남,용접작업 중비화
전북,(화목)보일러 비화
전남,원인미상
충북,원인미상
경북,농산부산물소각
대전,원인미상
강원,주택화재
경기,공장화재
경북,건축물실화
전북,입산자실화
경기,원인미상
경기,인근공사장용접에의한실화
경남,축사용접작업으로주택화재비화
전남,원인미상
서울,원인미상
경기,입산자실화
충남,쓰레기소각
강원,쓰레기소각
경남,입산자실화
경북,원인미상
부산,쓰레기소각추정
인천,담뱃불실화추정
충남,쓰레기소각
전남,원인미상
전남,쓰레기소각
경기,쓰레기소각
전남,원인미상
전북,입산자실화
서울,원인미상
서울,원인미상
경북,쓰레기소각
충북,(화목)보일러재불씨비화
경남,입산자실화
경남,입산자실화
강원,방화 추정
강원,쓰레기소각
부산,원인미상
전남,공장창고용접불꽃실화
강원,입산자실화
경기,새쫒기위해터트린폭죽
경기,쓰레기소각
서울,성벽보수공사중모노레모터과열
전남,군사격장 훈련에 따른 피탄
충남,입산자실화(조사중)
인천,군부대훈련(조명탄에 의한 발화)
경북,원인미상
부산,입산자실화
경북,입산자실화
강원,입산자실화
서울,산신각건축물화재비화추정
전남,성묘객실화
경북,입산자실화
경북,입산자실화
인천,원인미상
경기,불발조명탄자연발화추정
전북,쓰레기소각
충북,원인미상
부산,입산자 담뱃불실화추정
경기,원인미상
전남,원인미상
전북,성묘객실화
충북,조림지풀베기사업장실화
충북,조림지풀베기사업장실화
충북,쓰레기소각
경남,입산자실화
경기,입산자실화
충북,입산자실화
전남,원인미상
전북,담뱃불실화추정
전북,성묘객실화
전남,묘지 성묘객실화
경북,입산자실화
강원,입산자실화
경기,산림사업작업장실화추정
경기,등산객실화추정
경기,입산자실화
충남,입산자실화
충남,조림지내벌집제거중실화
경북,농산폐기물소각추정
강원,입산자실화
경기,입산자실화
경북,입산자실화
부산,방화
울산,원인미상
경남,창고화재 비화
경기,풀베기작업후발화추정
전남,원인미상
강원,입산자실화
강원,입산자실화
경북,고추씨발효로자연발화추정
경북,쓰레기소각
경북,입산자실화
경남,입산자실화
울산,"쓰레기소각(농산물, 생활쓰레기)"
강원,입산자실화
경기,방화 추정
울산,입산자실화
경남,입산자실화
전북,입산자실화
충남,입산자실화
강원,조명탄 발화(조사중)
강원,산업현장담뱃불실화추정
경북,입산자실화
전북,등산객실화(담뱃불)추정
경기,입산자실화
경기,등산객실화추정
경북,농산물 소각
강원,예초기과열추정
경북,원인미상
전남,입산자실화
경북,원인미상
전북,풀베기 작업장담뱃불실화추정
충북,농업부산물(밤나무 전지목)소각
충북,원인미상
전남,풀베기사업장실화추정
충남,풀베기사업장실화추정(담뱃불)
경북,농산부산물소각추정
경북,무속행위 추정
경남,입산자실화
강원,입산자실화
강원,입산자실화
경북,원인미상
경남,입산자실화
경북,낚시꾼실화추정
경남,입산자실화
전북,입산자실화
충북,입산자실화
경남,입산자실화
경북,쓰레기소각
강원,입산자실화
경북,농산부산물소각
경북,입산자실화
강원,입산자실화
강원,입산자실화
충북,쓰레기소각
충남,입산자실화
경북,원인미상
충북,입산자실화
충북,입산자실화
충남,입산자실화
전남,영농폐기물 소각
경북,입산자담뱃불실화추정
전남,입산자실화
경북,쓰레기소각
경북,축사내야생동물방지용폭죽불씨비화
충남,입산자실화
세종,원인미상
전남,입산자실화
전북,입산자실화
경기,입산자실화
서울,원인미상
충남,입산자담뱃불실화추정
서울,원인미상
서울,원인미상
경북,입산자실화
전남,석굴거주지실화추정
부산,원인미상
서울,원인미상
경기,절에서향피우다실화
강원,입산자실화
충남,주택화재 비화
경북,입산자실화
전북,성묘객실화(묘지주변정리)
경북,입산자실화
전북,입산자실화
경남,입산자실화
대전,원인미상
경북,산나물채취자실화추정
전북,입산자실화
경기,입산자실화
경북,폐가 전기누전 추정
인천,입산자담뱃불실화추정
충북,입산자실화
경북,밭소각
강원,원인미상
충남,입산자실화
강원,입산자실화
경북,원인미상
경남,건축물실화(주택수리 중 용접)
경북,산나물채취자 실화추정
경기,입산자실화
전북,산나물채취자 실화
경기,등산객 실화(담뱃불)추정
강원,입산자실화
경북,산나물채취자실화추정
대구,입산자실화
강원,입산자실화
경기,입산자실화
경남,농산폐기물소각
경남,입산자실화
충북,산나물채취자실화
경기,공장화재
충남,입산자실화
경남,건축물실화(축사내 용접 전이)
경북,밭두렁소각
강원,입산자담뱃불실화추정
경북,입산자실화
강원,원인미상
경북,농산부산물소각(깨)
경북,고사리건조작업
충북,입산자실화
경북,밭두렁소각
전남,입산자실화
경북,농산물 소각
경남,입산자실화
경북,전기합선
전북,성묘객실화(묘지관리)
충남,하우스용접중불티비화
경남,밭두렁소각
경기,쓰레기소각(낙엽)
인천,성묘객실화
경북,입산자실화
경북,농산부산물(고춧대)소각
경기,원인미상
전남,입산자실화
강원,쓰레기소각
경북,입산자실화
경기,쓰레기소각
울산,원인미상
경북,용접불씨비화
인천,쓰레기소각
경북,입산자실화
인천,생활쓰레기소각
경남,암자요사채화재전이
전북,쓰레기소각
경기,입산자실화
세종,원인미상
서울,원인미상
강원,원인미상
충북,밭두렁소각
충북,성묘객실화
경북,밭두렁소각
전남,묘지주변쓰레기소각
대구,주택화재
경기,성묘객실화
경북,원인미상
경북,쓰레기소각
경북,묘지정비중실화추정
경기,농산폐기물소각
인천,"낙엽,쓰레기소각"
전북,밭두렁소각
인천,밭두렁소각
전북,논두렁 소각
경기,쓰레기소각
전북,입산자실화
광주,농업부산물소각
충북,농업부산물소각
부산,원인미상
부산,담뱃불실화
경북,농부산물 소각(깻단)
전북,논두렁소각
강원,칡채취중담뱃불투기
경기,쓰레기소각
경기,원인미상
경남,축사 내 화기취급 실화
전남,산나물채취자 실화
충북,전기누전(비닐하우스 내)
경북,원인미상
충북,소나무재선충소각작업시작업단실화
경기,밭두렁소각
경기,낙엽소각
경북,담뱃불실화
경기,원인미상
경남,건축물물탱크위태양광전지폭발
경기,건물화재 비화
경기,논두렁밤까치소각
충남,농산부산물소각
경남,농산폐기물소각
서울,쓰레기소각
경북,쓰레기소각
경기,원인미상
경남,건축물(화장실)화재 비화
경북,야외아궁이불씨비산화
충북,농산폐기물소각
전북,고사리밭소각
경기,성묘객실화추정
경북,밭두렁소각
경남,입산자실화
부산,입산자실화
강원,전선단락(추정)
경북,원인미상
경남,주택화재 비화
울산,건축물실화
충북,농산폐기물소각
경북,논밭두렁소각
인천,잡초소각
충남,성묘객실화
경북,원인미상
충북,입산자실화
서울,원인미상
경북,산소용접기불똥에의한발화
충북,입산자 담뱃불실화
경기,농산폐기물소각(칡덩쿨)
경남,입산자실화
경북,농산폐기물소각
강원,주택화재 비화
강원,입산자실화
전남,성묘객실화
경남,논두렁소각
경기,입산자실화
경남,입산자실화
경기,농산폐기물소각
경북,낙엽소각
광주,원인미상
인천,농산폐기물소각
경기,작업중 실화
강원,주택화재비화
인천,도로변 정리 후 풀소각
울산,산업현장실화추정
경남,입산자실화
충남,담뱃불실화
경북,쓰레기소각
강원,농산폐기물소각
대전,농산폐기물소각
경북,농산부산물소각
경기,쓰레기소각
충북,원인미상
경북,농산폐기물소각
경기,농지소각
충북,논두렁 소각
전남,택시엔진과열로발화
경기,쓰레기소각
경기,논밭두렁소각
경기,주택내생활쓰레기소각
인천,농지에불놓기중비화
경북,원인미상
경남,건축물(주택)실화
경기,쓰레기소각
경기,산림인접지역쓰레기소각
충남,밭두렁소각
경기,논밭두렁소각
경남,건축물(주택)실화
세종,성묘객실화(담배꽁초)
경남,건축물(주택)실화
경남,원인미상
대구,입산자실화
전북,재선충병 방제작업 현장
광주,농산부산물소각
충남,성묘객실화
충남,쓰레기소각
대전,성묘객실화
전남,원인미상
경북,농산폐기물소각
전북,성묘객실화
경기,비닐하우스 누전추정
경남,논두렁소각
전남,쓰레기소각
경기,원인미상
경기,원인미상
전북,입산자실화
충남,화덕불씨취급부주의
세종,원인미상
경북,쓰레기소각
경남,입산자실화
경북,성묘객실화추정
전남,쓰레기소각
경남,주택화재 비화
전남,입산자실화
경기,쓰레기소각
경남,입산자실화
울산,농산폐기물소각
경북,쓰레기소각추정
전북,입산자실화
경북,주택화재(전기합선추정)
경남,논두렁 소각
경남,생활쓰레기소각
대구,입산자실화
세종,담뱃불실화추정
울산,입산자실화
경북,입산자실화
경북,입산자실화
강원,농산부산물소각
경남,건축물실화(주택지쓰레기소각에의한비화)
경남,원인미상
충북,논두렁 소각
전남,생활쓰레기소각
경기,쓰레기소각
충남,볏짚소각
경남,화기취급실화
강원,폐축사 화재
경북,용접불씨비화
경북,쓰레기소각
경남,입산자실화
부산,입산자실화
경남,입산자실화
경북,입산자실화
전남,농산폐기물소각
인천,원인미상
경남,성묘객실화추정
전북,입산자실화(버섯채취추정)
경기,입산자실화
대전,원인미상
경북,원인미상
충남,생활쓰레기소각추정
경북,원인미상
경북,농산부산물소각
경기,원인미상
인천,원인미상
경북,원인미상
경기,등산객 실화
전남,성묘객실화
강원,성묘객실화추정
경북,성묘객실화(유품소각)
경남,성묘객실화추정
경북,원인미상
경남,어린이 불장난
충남,입산자실화
경남,입산자실화
경남,담뱃불실화추정
울산,입산자실화
인천,생활쓰레기소각
전남,성묘객실화
인천,쓰레기소각(축사부지인근)
부산,원인미상
경남,건축물실화(주택지쓰레기소각에의한비화)
경기,농산쓰레기소각
경기,입산자 담뱃불 추정
경남,입산자실화
경북,원인미상
경남,입산자실화
강원,(화목)보일러 재투기
울산,산업현장실화(공장작업장실화)
경남,입산자실화
강원,원인미상
강원,주택화재 비화
충북,성묘객실화추정(조사중)
경북,쓰레기소각추정(조사중)
경북,건축물 화재 비화(대명영농조합법인)
전남,농산폐기물소각
강원,주택화재 비화
경기,입산자실화
경남,입산자실화
경기,공장화재
충남,정신지체자화기물취급부주의(취사행위)
세종,원인미상
충남,논두렁 소각
경북,원인미상
경남,입산자실화
경북,원인미상
충북,기차철로스파크추정
경남,생활쓰레기소각
강원,(화목)보일러 재투기
울산,건축물실화(건축물내전기합선)
강원,입산자실화
경남,입산자실화
경기,원인미상
경남,담뱃불실화
경북,(화목)화목보일러재투기
충남,쓰레기소각
경남,건축물(주택)실화
부산,원인미상
경북,주택화재비화
경기,입산자실화
경기,기타
울산,담뱃불실화
경남,낚시객실화추정
충북,입산자실화
충북,입산자실화
경북,농기계용접실화
경남,담뱃불실화추정
충북,입산자실화
경북,입산자실화
강원,입산자실화
서울,고추밭소각
경북,건축물실화(공장화재)
대구,밭두렁소각
전북,공업용폐기물소각
경북,담뱃불실화
경남,농업부산물소각
경북,아궁이불씨번짐
경기,쓰레기소각추정
경남,입산자실화
인천,입산자실화
서울,원인미상
경남,입산자실화
전남,집아궁이화재
경남,개사육장화기취급실화
전남,입산자실화(조사중)
경남,입산자실화
전남,농산폐기물소각
서울,원인미상
강원,주택화재 비화
경북,쓰레기소각추정(조사중)
강원,주택화재 비화
인천,원인미상
경남,축사화재비화
전남,농산쓰레기소각
경남,입산자실화
부산,입산자실화
경북,담뱃불실화
충남,등산객실화추정
서울,원인미상
강원,입산자실화
부산,풍등
인천,등산객실화
경남,성묘객실화추정
대전,원인미상
울산,입산자실화
경북,원인미상
경남,입산자실화
충남,담뱃불실화
경남,입산자실화
경남,입산자실화
경남,입산자실화
경북,방화(정신이상자)
강원,영농부산물소각
경남,입산자실화
경북,(화목)보일러재투기
경북,슬레이트창고화재비화
경북,입산자실화
전남,농산폐기물소각
경북,연탄재불씨비화
경북,원인미상
경북,입산자난로불비산
경남,"입산자실화(12.20.4:30재발화, 0.04)"
경북,원인미상
경북,수도관동파방지불취급진화
경북,쓰레기소각추정
경남,성묘객묘지영정사진소각
경남,농산폐기물 및 생활쓰레기소각추정
경북,성묘객실화
경북,(화목)보일러불씨취급부주의
경남,사찰내생활쓰레기소각추정
전남,생활쓰레기소각
부산,미륵암움막전기누전
경북,불법하우스내화목보일러화재발생비화
경남,입산자실화
울산,농막화재 비화
경북,(화목)보일러불씨취급부주의추정
부산,입산자실화
대구,원인미상
경기,원인미상
경북,입산자실화
울산,입산자실화
경기,담뱃불실화
경북,원인미상
경남,축사누전추정
강원,주택화재
경남,입산자실화
강원,석재공장급수용펌프모터과열
경남,입산자실화
전북,입산자실화
충남,주택화재 비화
경북,종교단체 폐기물 소각추정
경북,사찰내쓰레기소각
전남,원인미상
경북,입산자 담뱃불실화
경남,주택 아궁이불비화
경남,생활쓰레기소각
경기,원인미상
강원,쓰레기소각
경남,생활쓰레기소각
경남,담뱃불실화추정
전남,농업지장물소각(칡덩쿨등)
부산,낙엽소각
경북,성묘객실화추정
경남,원인미상
전남,쓰레기소각(하천변)
경북,입산자실화
부산,방화 추정
경북,농산폐기물소각
경북,입산자실화
충남,등산객 실화
경남,원인미상
경남,쓰레기소각
강원,쓰레기소각(생활)
전북,입산자실화
울산,입산자실화
경북,원인미상
경북,입산자실화
강원,입산자실화
대전,입산자실화
충남,입산자실화
경기,쓰레기소각
경북,원인미상
전남,영농부산물소각
강원,입산자실화
경북,(화목)보일러재투기
경기,밭두렁소각
경기,(화목)보일러재비닐하우스에버림
강원,입산자실화
경기,쓰레기소각(추정)
경북,주택부지내지장 소각
경남,입산자실화
대전,원인미상
경북,담뱃불실화추정
경기,무속행위 추정
경남,입산자실화
경기,원인미상(조사중)
충남,송전탑공사현장실화(북당진-신탕정송전선로건설공사)
경기,입산자실화
전북,입산자실화
대전,원인미상
경북,원인미상
경남,입산자실화
서울,원인미상
충북,입산자실화(화기취급부주의)
부산,쓰레기소각
경남,생활쓰레기소각으로벌채목에 번짐
경남,입산자실화
충남,입산자실화
부산,입산자실화
경남,원인미상
경남,원인미상
경북,기계화장비화재에 따른산불전이(산지전용부지내백호우과열)
경남,쓰레기소각
전남,입산자실화(조사중)
대구,원인미상
전북,입산자실화
경북,입산자실화
경기,원인미상
강원,입산자실화
경북,농산폐기물소각
충남,입산자실화
충남,입산자실화
충북,입산자실화
경기,입산자실화
강원,입산자실화
경남,논밭두렁소각추정
경북,원인미상
대전,입산자실화
충남,무속인발화추정
경기,입산자실화
강원,입산자실화
경기,공장화재비화
서울,원인미상
경기,입산자실화
강원,쓰레기소각
충남,입산자실화
경북,원인미상
경기,입산자실화
경북,농산폐기물소각
서울,원인미상
충북,입산자실화(화기취급부주의)
전남,입산자실화
강원,입산자실화
경남,밭두렁소각
경북,쓰레기소각
경북,입산자실화
전남,입산자실화
경기,입산자담뱃불실화추정
경북,쓰레기소각추정
경기,원인미상
경북,산림사업장 실화
강원,논밭두렁소각
경남,생활쓰레기소각추정
충남,입산자실화
울산,입산자실화
충남,담뱃불실화
경기,원인미상
전북,등산객 실화추정
경북,입산자실화
경북,산림사업장 실화
충남,입산자실화
경남,농업부산물소각
경북,입산자실화
경기,쓰레기소각
세종,원인미상
충북,입산자실화
충남,입산자실화
충북,입산자실화
경북,성묘객실화
경북,입산자실화
경북,건축물화재
서울,원인미상
경북,원인미상
전남,입산자실화
경기,입산자실화
경기,등산객 실화추정
전북,입산자실화
경북,입산자실화
인천,낚시꾼실화
서울,원인미상
충남,입산자실화
강원,담뱃불실화추정
경북,생활쓰레기소각
강원,입산자실화
강원,입산자실화
경북,신원미상
인천,등산객담뱃불실화추정
경북,농산폐기물소각추정
경기,등산객실화
강원,원인미상
경북,낙뢰추정
전남,원인미상
전남,입산자실화
강원,입산자실화
경북,낙뢰
서울,비박 실화나 방화추정
경북,입산자실화
강원,담뱃불실화추정
서울,입산자실화
대구,원인미상
경북,낙엽소각
경북,농산폐기물소각(폐비닐)
전남,입산자실화
경북,농산폐기물소각
전남,입산자실화
전북,입산자실화
경북,건축물화재로인한산불추정
경남,등산객실화추정
경북,입산자실화
전남,입산자실화
경북,농산폐기물소각
경기,입산자실화
경기,입산자실화
경북,입산자실화
강원,쓰레기소각(녹차티백)
충북,폭죽낙하(소백산철쭉제)
대구,촛불기도무속행위
대구,쓰레기소각
강원,쓰레기소각
대구,원인미상
경북,농산폐기물소각추정
강원,원인미상
경기,쓰레기소각
경북,입산자실화
경남,입산자실화
충북,입산자실화
충남,입산자실화
전북,입산자실화
경북,원인미상
충남,입산자실화
강원,입산자실화
충북,입산자실화
충북,등산로정비작업자실화
충북,입산자실화
서울,원인미상
강원,입산자실화
강원,입산자실화
강원,입산자실화
부산,입산자실화
강원,담뱃불실화
경북,원인미상
경북,입산자 담뱃불실화추정
광주,논밭두렁소각추정
강원,입산자실화
강원,입산자실화
경북,전기누전 추정
강원,원인미상(조사중)
강원,입산자실화
경북,도로변담뱃불추정
충북,산나물채취자실화
경기,입산자실화
서울,쓰레기소각
경북,영농부산물소각
경기,쓰레기소각
경기,입산자실화
강원,입산자실화
경기,입산자실화
강원,주택화재 비화
경북,쓰레기소각
경기,입산자담배꽁초실화
경북,농산부산물소각
강원,입산자실화
경기,쓰레기소각
경기,입산자실화
충북,산나물 채취자 실화
경북,원인미상
강원,입산자실화
충남,입산자실화
강원,입산자실화
충남,입산자실화
충북,산나물채취자실화
강원,입산자실화
강원,입산자실화
경북,입산자실화
대구,무속행위(촛불기도등)추정
강원,입산자실화
인천,원인미상
경기,담뱃불실화추정
강원,입산자실화
강원,농산폐기물소각(고춧대)
충남,화기물취급부주의(아궁이재)
충남,양봉훈연중실화
경북,입산자실화
강원,입산자실화
경남,임산물채취자실화추정
경기,농산폐기물소각
경기,담뱃불실화추정
경기,입산자 취사행위
강원,입산자실화
충남,입산자실화
경기,양계장 화재 산불비화
충남,입산자실화
강원,입산자실화
강원,"쓰레기소각(국:0.15, 사:0.15)"
강원,입산자실화
경기,입산자실화
강원,밭두렁소각
경기,"쓰레기,잡풀소각"
강원,입산자실화
대전,원인미상
충남,입산자실화
강원,원인미상
대전,입산자실화
전남,방화추정
서울,입산자실화
경남,입산자실화
경기,원인미상
경기,쓰레기소각
충남,주택화재
경북,입산자실화
경기,논밭두렁소각추정
강원,원인미상
전남,주택아궁이불비화
강원,입산자실화
충남,사찰내아궁이재취급부주의
경기,입산자실화
충남,입산자실화
전남,입산자실화
강원,입산자실화
인천,입산자실화
경북,입산자실화
강원,입산자실화
경북,입목(아까시나무)소각
충북,등산객실화
강원,입산자실화
전북,입산자실화
경북,입산자실화
충남,주택화덕불씨(화기물취급부주의)
충북,등산객실화
경기,원인미상
충남,성묘객실화추정
충남,입산자실화
충남,밤나무접목작업(파라핀가열)중실화추정
경북,입산자실화
경기,입산자실화
경기,담뱃불실화
경기,비닐하우스배관작업(용접)
충남,입산자실화
충북,산나물채취자실화
경기,쓰레기소각
강원,입산자실화
인천,원인미상
경기,원인미상
경북,농산폐기물소각
대전,쓰레기소각
인천,입산자실화
경기,입산자실화
경기,입산자실화
경기,입산자실화
경기,쓰레기소각추정
강원,담뱃불실화
인천,원인미상
충남,입산자 담뱃불실화
충남,입산자실화
경기,쓰레기소각
충남,입산자실화
경북,입산자실화
강원,전기누전(전선피복 노출)
대전,등산객실화추정
강원,원인미상
강원,쓰레기소각
경기,입산자실화
강원,원인미상
경기,입산자실화
경기,입산자실화
강원,입산자실화
경기,원인미상
충북,(화목)주택부지내 화목보일러 취급 부주의
경기,쓰레기소각
경남,입산자실화
충북,등산객 실화
경남,입산자실화
경기,쓰레기소각
충남,입산자실화
경북,입산자실화
강원,전기선누전추정
경북,밭두렁소각
경기,원인미상
충북,밭두렁소각
강원,담뱃불실화추정
경기,쓰레기소각
충남,입산자실화
경기,용접작업
인천,담뱃불실화추정
경기,농산폐기물소각
경기,성묘객실화
경기,농산폐기물소각
강원,농산폐기물소각
서울,쓰레기소각
강원,입산자실화
울산,원인미상
경기,논밭두렁소각
경기,농산폐기물소각
충남,화기물취급부주의
경기,쓰레기소각
강원,숯공장굴뚝불티비화
경기,쓰레기소각
강원,화덕재 비화
대전,방화 추정
경기,논밭두렁소각
서울,입산자실화
강원,입산자실화
인천,입산자실화
경기,쓰레기소각
경기,논밭두렁소각
충북,창고부지내쓰레기소각
대전,쓰레기소각
경기,쓰레기소각
전북,성묘객실화
경기,쓰레기소각
경기,성묘객실화
부산,쓰레기소각
경남,쓰레기소각
경기,쓰레기소각
충남,입산자실화
경남,입산자실화
경기,성묘객실화
경기,쓰레기소각
전남,성묘객실화
경기,비닐하우스화재비화
경기,쓰레기소각
경기,담뱃불실화추정
인천,논밭두렁소각
경기,쓰레기소각
서울,원인미상
충북,밭두렁소각
강원,농산폐기물소각
강원,농산폐기물소각
경기,원인미상
경기,쓰레기소각추정(민가)
경기,성묘객실화
경기,쓰레기소각
경기,입산자실화
경기,원인미상
경기,밭에서쓰레기소각
경기,쓰레기소각
경기,입산자실화
경기,공장화재비화
충북,쓰레기소각
충북,산약초채취자실화
전남,쓰레기소각
인천,원인미상
경기,원인미상
경기,원인미상
경기,원인미상
경기,입산자실화
전북,농산부산물소각
경기,"담뱃불실화(국:0.19, 사:0.57)"
충남,원인미상
경기,농산폐기물소각
경기,휴경지소각으로인한산불
경기,밭에서 쓰레기소각
경기,담뱃불실화추정
경북,밭두렁소각
강원,산업현장 실화(추정)
경기,입산자실화
경기,밭에서쓰레기소각
대전,원인미상
강원,입산자실화
강원,입산자실화
경북,무속행위실화추정
경기,원인미상
경북,입산자실화
경기,원인미상
충북,주택부지내화기취급부주의
전북,밭두렁소각
경기,담뱃불실화추정
경북,논볏짚소각
충남,입산자실화
강원,농산폐기물소각
전남,원인미상
충북,등산객실화
충남,성묘객실화
경기,논밭두렁소각
전북,입산자실화
경기,농업폐기물소각
경기,농업폐기물소각
강원,쓰레기소각
경북,농산폐기물소각
광주,논밭두렁소각추정
충북,등산객 실화
인천,원인미상
경기,농산폐기물소각
경기,입산자실화
경남,하천변 목재소각
경기,농산폐기물소각
전남,농산폐기물소각
경북,농산폐기물소각
경북,(화목)화목보일러불씨비화추정
경기,농산폐기물소각
강원,농산폐기물소각
경북,주택화재
강원,주택화재 비화
경기,쓰레기소각
경기,농산폐기물소각
경기,쓰레기소각
강원,건축물 화재(비닐하우스)
경기,입산자실화
경기,논밭두렁소각
경기,담뱃불실화추정
경기,논밭두렁소각
충북,등산객 실화추정
경기,농산폐기물소각
경기,취사실화(숯불부주의)
경기,논밭두렁소각
경기,농산폐기물소각
경기,담뱃불실화
강원,입산자실화
충북,성묘객실화(인화물질 취급 부주의)
세종,쓰레기소각
인천,쓰레기소각
충북,주택화재 비화
전남,논밭두렁소각
충북,인화물질취급부주의
강원,나뭇가지채취소각
경남,농업부산물소각
충북,성묘객실화(인화물질취급부주의)
대전,농산폐기물소각
충남,주택화덕부주의
경기,밭두렁소각
충북,야적장화기취급부주의(건축자재화재)
전북,성묘객 부주의
경기,쓰레기소각
경기,쓰레기소각
대전,야생동물철망휀스용접중불티
대구,농산폐기물소각
충북,농업폐기물 소각
충북,등산객 실화
경기,공장화재
대구,쓰레기소각
경기,논밭두렁소각
충남,입산자실화
강원,입산자실화
경기,농경지태우기
경북,입산자실화
강원,입산자실화
충북,쓰레기소각
충남,주택화재 비화
강원,논밭두렁소각
강원,입산자실화
경남,입산자실화
충북,논밭두렁소각
전북,입산자실화
경기,농산폐기물소각
경북,입산자담뱃불실화추정
강원,용접불티비화(주택신축)
경남,담뱃불실화
인천,쓰레기소각
인천,원인미상
경북,입산자실화
경남,담뱃불실화추정
강원,쓰레기소각
전북,입산자실화
서울,초등학생불장난
전북,밭두렁소각
대전,쓰레기소각
경북,논두렁 소각
경기,원인미상
전북,성묘객실화
경기,쓰레기소각
전북,입산자실화
강원,입산자실화
충남,농산부산물소각
경기,원인미상
경기,입산자실화
전북,성묘객실화
경북,밭두렁소각
강원,방위사업청무인기시험사업중발화(추정)
경기,쓰레기소각
전북,영농부산물소각
충북,쓰레기소각(생활쓰레기)
경북,성묘객실화
충북,논밭두렁소각
경북,트랙터 화재
경기,용접불꽃
충북,쓰레기소각(과수전지목 소각)
경남,주택내마당불씨비화
경기,쓰레기소각
충남,불씨취급부주의비화(주변가옥)
충북,주택내인화물질취급부주의
경기,쓰레기소각
충북,주택내인화물질취급부주의
강원,원인미상
인천,밭두렁소각
충남,입산자실화
경북,승용예취기과열로인한발화
경북,벌통훈연기취급부주의
경북,쓰레기소각
경기,농산부산물소각
강원,주택내쓰레기소각
충남,주택내화덕부주의
경기,밭에서잡풀소각
인천,농산폐기물소각
강원,입산자실화
경기,입산자실화
경기,원인미상
서울,입산자실화
경기,3.7발생산불의재불
경북,차량과열로연소에의한산불발생
강원,입산자실화
경기,주택화재(화목보일러과열추정)
충북,입산자실화
충북,주택부지내생활쓰레기소각
전남,원인미상
대구,원인미상
전남,하천변쓰레기소각
대구,산나물채취자실화
충남,농산부산물소각
경기,밭두렁소각
경북,농산폐기물소각
전남,주택쓰레기소각
대전,밭두렁소각
강원,풍등
경기,원인미상
전남,원인미상
충북,성묘객실화
경북,축산폐기물소각
강원,쓰레기소각
강원,쓰레기소각
인천,원인미상
인천,소각폐기물 소각
서울,어린이불장난추정
전북,생활쓰레기소각
부산,입산자실화
강원,입산자실화
울산,입산자실화
충남,화기물취급부주의
강원,등산객쓰레기소각
경남,원인미상
울산,원인미상
경북,쓰레기소각추정(민가)
전남,농산폐기물소각
부산,입산자실화
경기,쓰레기소각(폐종이등생활쓰레기)
울산,입산자실화
경북,논두렁소각
충북,성묘객실화
대전,입산자실화
울산,원인미상
경기,논밭두렁소각
경기,쓰레기소각
경남,원인미상
충북,밭두렁소각
경기,쓰레기소각
경남,원인미상
전남,쓰레기소각
전북,입산자실화
전북,(화목)화목보일러부주의(잔재물)
경남,인화물질관리소홀로인한실화
경북,입산자실화
경기,쓰레기소각
경남,입산자실화
인천,(화목)난로취급부주의
경기,쓰레기소각(부탄가스폭발)
충남,양계장화재로산불발화
경북,입산자실화
전남,주택화재
부산,산업현장 실화(산소용접)
대구,입산자실화
경남,농산폐기물소각
대전,묘지주변소각
경남,원인미상
경남,등산객실화추정
경북,원인미상
경북,담뱃불실화
부산,입산자실화
경남,논두렁 소각
경북,입산자실화
대구,등산객 실화추정
경북,입산자실화
전남,원인미상
전남,연접지밭소각
경남,생활쓰레기소각
경남,수목부산물소각
경북,원인미상
경남,창고에서용접작업비화
경남,"고춧대소각(1.27.13:00재발화_너덜지역지중화속불, 0.15)"
전남,농산부산물소각
울산,입산자실화
경남,농산부산물소각
경남,입산자실화
강원,주택화재로인한산화
경기,쓰레기소각
경기,(화목)화목보일러 재
강원,쓰레기소각
경기,입산자실화
경기,입산자실화
강원,풍등
강원,입산자실화
경북,쓰레기소각(낙엽)
강원,(화목)화목보일러재처리부주의
경기,(화목)화목보일러연소물(재)투기
부산,입산자실화
경기,입산자 실화
경북,입산자 실화추정
경기,원인미상
경기,논밭두렁 소각
인천,원인미상
전남,컨테이너박스(가건물)내 발화
경북,입산자 실화(모닥불 불씨비화)
충북,입산자 실화
경기,입산자 실화
충북,수도 동파방지 전기 열선 발화
강원,입산자 실화추정
경기,입산자 실화
경기,주택 벽난로재 관리소홀
강원,차량화재로 인한 산화
강원,야외화덕 불씨비화
인천,등산객 비박 모닥불 실화
부산,농산폐기물 소각
경기,작업장 실화(주택공사 인부 실화)
강원,조사중
경북,입산자 실화
강원,화덕재 버림
경기,원인미상
경기,입산자 실화
강원,입산자 실화추정
인천,입산자 실화추정
전남,묘지주변 벌집제거 중 발화
전북,성묘객 실화
경북,성묘객 실화
충남,입산자 실화
충남,성묘객 실화추정
전남,원인미상
대구,토치이용 묘지내 벌집제거 실화
대구,입산자 실화
경남,약초채취자 실화추정
강원,조사중
경북,원인미상
강원,"입산자실화(담뱃불,쓰레기소각 추정)"
전남,벌집제거 중 실화
경북,쓰레기 소각
전남,원인미상
경북,차량용 가스통 가공회사 가스통 폭발
경기,입산자 실화
경북,입산자 실화추정
강원,원인미상
경북,영농 폐기물 소각
경북,원인미상
강원,입산자 실화추정
경북,쓰레기 소각
강원,입산자 실화추정
경기,입산자 실화
충북,생활쓰레기 소각실화
인천,입산자 실화추정
강원,농산폐기물 소각
강원,쓰레기 소각
강원,입산자 실화추정
강원,농산폐기물 소각
충남,입산자 실화
경기,등산객 실화추정
경기,입산자 실화추정
경기,입산자 실화
충북,입산자 실화추정
강원,건축물 실화
경북,입산자 실화추정
강원,입산자 실화추정
강원,차량전복화재
강원,입산자 실화추정
강원,입산자 실화
충북,건축폐기물 소각 실화
경북,원인미상
경기,농사잔재물 소각
강원,쓰레기 소각추정
대구,입산자 실화추정
서울,입산자 실화
충북,원인미상
경북,입산자 실화추정
충북,산나물 채취자 담뱃불 추정
강원,쓰레기 소각(농약봉지)
강원,산업현장실화(용접)
경기,논 소각
강원,입산자 실화추정
전남,밭(콩)작물 경작을 위한 잡풀 및 검물 등 소각
강원,영농부산물 소각 실화
강원,입산자 실화추정
강원,예초기 과열로 인한 실화
경기,입산자 실화
강원,배추묘종비닐 화구 작업중 실화
강원,군사훈련(신호탄)
강원,(화목)보일러 불티
경북,입산자 실화추정
강원,입산자 실화
강원,산나물 채취자 실화추정
강원,취사행위
서울,원인미상
경기,쓰레기 소각
인천,원인미상
강원,쓰레기 소각
경북,방화 추정
인천,입산자 실화추정
강원,입산자 실화추정
부산,입산자 실화
강원,입산자 실화추정
경기,입산자 실화
전북,입산자 실화
경기,입산자 실화추정
경기,입산자 실화추정
경기,입산자 실화
경기,입산자 실화
인천,쓰레기 및 잡풀 소각실화
경기,등산객 실화추정
전남,주택 화재
경기,농산폐기물 소각
강원,담뱃불 추정
경기,쓰레기 소각
경기,밭소각 추정
인천,원인미상
전남,성묘객 실화
경기,농산폐기물 소각
경기,농산폐기물 소각
경기,입산자 실화
강원,입산자 실화추정
경기,쓰레기 소각
인천,논밭두렁 소각추정
강원,입산자 실화추정
경기,입산자 실화
경기,입산자 실화추정
전북,영농부산물소각 실화
경기,밭두렁 소각
강원,논밭두렁 소각추정
경기,산업현장 실화(용접불꽃)
충북,쓰레기 소각
경북,성묘객 실화
경기,쓰레기 소각 추정
충북,쓰레기 소각(국:19.7/그외:34.1)
경기,성묘객 실화
인천,입산자 실화
강원,입산자 실화추정
경기,밭두렁 소각
충남,쓰레기 소각 추정
경기,밭두렁 소각
경북,논밭두렁 소각
강원,농산폐기물 소각
충북,사찰에서 쓰레기 소각
서울,원인미상
강원,사유 임도변 차량화재(영월군수 사용허가지)
대전,입산자 실화추정
경기,입산자 실화추정
경기,공장 발화
충북,묘소에서 옷가지 소각 부주의(국:1.7/사:3)
강원,용접작업 실화
충남,산나물 채취자 실화추정
전남,하우스 용접공사 발화
충남,밭두렁 소각
충남,주택내 화기물취급 부주의
경기,성묘객 실화추정
전북,묘지주변 소각
울산,원인미상
전남,입산자 실화
전남,쓰레기 소각추정
충남,입산자 실화
충남,입산자 낙엽소각
충북,농산폐기물 소각(공:3/국:1)
전남,농산폐기물 소각
강원,쓰레기 소각
전북,주택화재(비닐하우스) 발화
경남,원인미상
경남,담뱃불 투기
충북,원인미상
경기,(화목)보일러 비화
충북,생활쓰레기 소각 실화
경기,입산자 담뱃불 실화
세종,원인미상
경기,쓰레기 소각추정
강원,입산자 실화추정
전북,성묘객 실화
경기,밭두렁 소각
강원,쓰레기 소각
강원,주택화재 비화
경남,원인미상
경기,조사중
경기,등산객 실화
전남,농산폐기물 소각
서울,낙엽 소각
경기,쓰레기 소각추정
강원,입산자 실화추정
경기,방화 추정(국:3/사:5.3)
경북,논밭두렁 소각
인천,입산객 실화추정
충북,과수원 쓰레기 소각 부주의
충남,입산자 실화
경북,논두렁 소각(볏짚 소각)
경기,쓰레기 소각
경북,입산자 실화추정
경기,영농쓰레기 소각
경기,농작폐기물 소각
충북,공사장 용접불꽃 부주의
충남,담뱃불 실화
충북,과수원 비닐소각 부주의
전북,담뱃불 실화
인천,입산자 실화
경남,방화(사:0.3/국:0.2)
강원,잔디소각
서울,원인미상
경기,성묘객 실화
대전,쓰레기 소각
경기,논밭두렁 소각추정
충북,생활쓰레기 소각
경기,원인미상의 들불
경남,농업부산물 소각
경기,농산폐기물 소각
경기,입산자 실화추정
경기,밭두렁 소각
강원,입산자 실화추정
전북,쓰레기 소각
경북,논두렁 소각
전남,입산자 실화
인천,영농부산물 소각 실화
경북,논밭두렁 소각
경기,밭두렁 소각
서울,원인미상
경기,농산 부산물 소각
경북,낚시객 실화추정
전북,용접기 발화
강원,쓰레기 소각
전남,쓰레기 소각
경북,농산폐기물 소각
경기,쓰레기 소각추정
경기,밭두렁 소각
충남,낚시꾼 불씨 부주의
광주,농산부산물 소각
전북,농산폐기물 소각
강원,담뱃불 추정
충남,성묘객 실화
경기,쓰레기 소각
강원,담뱃불 실화
서울,쓰레기 소각
경기,농산폐기물 소각
전남,담뱃불 실화
인천,등산객 실화추정
경기,논밭두렁 소각추정
대전,쓰레기 소각
전북,공사현장 용접실화
인천,영농쓰레기 소각 실화
경기,논밭두렁 소각
경남,농업부산물 소각추정
인천,등산객 담뱃불 실화추정
인천,입산자 실화
경기,낙엽 소각
경기,성묘객 실화추정
경기,쓰레기 소각
강원,농산폐기물
경기,쓰레기 소각
인천,영농부산물 소각 실화
경북,농산 폐기물 소각
경북,농산 폐기물 소각
경북,농산폐기물 소각(국:1.0/사0.5)
서울,쓰레기 소각(인근 경작지)
전북,담뱃불 실화
전남,농산폐기물 소각
경기,밭두렁 소각
충북,논볏짚소각
강원,쓰레기 소각
강원,담뱃불 실화
경북,농산폐기물 소각(복숭아밭 소각)
경기,입산자 실화
경기,입산자 실화
경북,담뱃불 실화(국:0.21/사:0.01)
경기,쓰레기 소각
경기,쓰레기 소각추정
전북,농산폐기물 소각
충남,화기물 취급 부주의(부탄가스)
경기,논밭두렁 소각
경기,조리 후 남은 재로 인한 실화
강원,쓰레기 소각
서울,농업부산물 소각 비화
강원,농산부산물 소각
경기,쓰레기 소각
강원,입산자 실화추정
전남,논밭두렁 소각
충남,쓰레기 소각
경기,성묘객 실화
경북,농산폐기물 소각
경북,무속행위 추정
경기,주택내 잔디소각
강원,쓰레기 소각
강원,원인미상
경기,입산자 담뱃불 실화 추정
강원,입산자 실화추정
경기,농산 폐기물 소각
경남,영농부산물(고추대)소각 실화
경북,쓰레기소각
대구,농산 부산물 소각 추정
강원,(화목)보일러 불씨비화 추정
부산,입산자 실화
경북,원인미상
경기,쓰레기 소각
경기,성묘객 실화추정
강원,쓰레기 소각
강원,논밭뚝 소각
경남,쓰레기 소각
경기,방화 추정
인천,원인미상
인천,입산자 실화
부산,조사중
강원,입산자 실화추정
경북,밭두렁 소각
강원,UDT훈련 중 교탄 사용
강원,입산자 실화추정
울산,조사중
강원,(화목)보일러 불씨비화
부산,담뱃불 실화
경기,입산자 실화(밭에 버린 화목난로 재 비화)
경기,쓰레기 소각
강원,철도 고압선 절단 스파크
경남,쓰레기 소각추정
부산,조사중
강원,원인미상
경기,농산폐기물 소각
경기,쓰레기 소각추정
경기,쓰레기 소각(묘지관리자 쓰레기 소각)
인천,쓰레기 소각
경북,농산폐기물 소각
경기,쓰레기 소각
강원,무속행위
인천,담뱃불 실화
경기,쓰레기 소각추정
인천,비박등산객 실화추정
경북,쓰레기 소각
경기,등산객 실화추정
경북,농산폐기물 소각
부산,담뱃불 실화
경기,쓰레기 소각
대구,건물 화재비화(다락산장)
울산,입산자 실화추정
전남,쓰레기 소각
강원,농산폐기물 소각
경북,성묘객 실화
전남,방화
전남,쓰레기 소각
경북,밭두렁 소각
경기,쓰레기 소각
경기,쓰레기 소각추정
경기,농산폐기물 소각
서울,원인미상
강원,쓰레기 소각(낙엽)
경기,모닥불 실화
경북,농산폐기물 소각
강원,나무보일러 재 비화
강원,쓰레기 소각
경기,성묘객 실화
서울,원인미상
전남,입산자 실화
인천,등산객 실화
강원,(화목)보일러 재
경기,쓰레기 소각
강원,성묘객 담뱃불
강원,건축물 실화(정화조 수리)
서울,입산자 실화
강원,입산자 실화추정
강원,쓰레기 소각
서울,건축물 실화(주택 전기누전에 의한 배전판 합선)
강원,쓰레기 소각
경기,쓰레기 소각
강원,쓰레기 소각(호두껍질)
강원,원인미상
강원,보일러 연통불씨 비화
경기,쓰레기소각행위
경기,쓰레기 소각추정
전남,입산자 실화
경기,입산자 실화(담뱃불)
경기,초등학생 불장난
강원,입산자 실화추정
부산,조사중
대구,입산자 실화추정
강원,보일러실 화재 비화
경기,가건물(컨테이너)화재
경북,농산폐기물 소각
인천,원인미상
경기,등산객 실화
경기,등산객 실화
강원,논밭두렁 소각
강원,쓰레기 소각
울산,논밭두렁 소각추정
경기,농산폐기물 소각
경기,쓰레기 소각
경기,쓰레기 소각
경북,주택내 쓰레기 소각 비화
경북,쓰레기 소각
경북,주택내 불씨취급 부주의
강원,담뱃불 실화
경기,무속행위
경북,입산자 실화추정
경북,공사장 용접작업
경남,건축물 화재 비화(은혜기도원)
경북,모닥불 취급 부주의
강원,담뱃불 실화추정
강원,(화목)보일러 재 발화
강원,입산자 실화추정
강원,쓰레기 소각
대전,입산자 실화추정
경북,입산자 실화추정
강원,다리공사 용접
부산,입산자 실화추정
경기,입산자 실화(등산객)
경북,자연발화 추정(퇴비더미)
강원,입산자 실화추정
강원,농산폐기물 소각
강원,입산자 실화추정
경북,용접불씨 비화
경남,입산자 실화추정
전북,입산자 실화추정(조사중)
경남,입산자 실화추정(조사중)
전북,쓰레기 소각추정
부산,입산자 실화추정
강원,원인미상
경북,논밭두렁 소각
충남,입산객 실화추정
전북,등산객 실화추정
경북,논밭두렁 소각추정
충북,입산자 실화추정
강원,전기배선단락
경북,벌통소독 실화
경북,원인미상
경남,입산자 실화추정
경북,농산부산물 소각
전남,무속행위(민가 내 무속행위 예정)
경북,임도공사현장 작업자 과실
경기,등산객 실화추정
강원,원인미상
강원,입산자 실화
강원,어린이 불장난 추정
경남,담뱃불 실화
충북,입산자 실화추정
경남,입산자 실화추정
부산,입산자 실화
강원,낙뢰 추정(10.15 재발화 발생)
경기,입산자 담뱃불 실화 추정
경북,원인미상
경북,입산자 실화
경기,임산물 채취자 실화추정
경북,입산자 실화추정
경북,담뱃불 실화
전북,산약초 채취자 실화
경기,등산객 실화추정
강원,입산자 실화추정
경북,아궁이 불씨발화
경기,담뱃불 실화추정(군부대 신병교육대 연접)
충남,입산자 실화추정
경북,쓰레기 소각
충남,입산자 실화추정
충남,농산폐기물 소각
충남,농산폐기물 소각
강원,입산자 실화추정
경기,등산객 실화
경북,영농폐기물 소각
경기,임산물 채취자 실화
인천,원인미상
대전,입산자 실화
인천,원인미상
충북,입산자 실화추정
경기,성묘객 실화
충남,등산객 실화추정
강원,성묘객 실화
충남,입산자 실화추정
강원,입산자 실화추정
경기,입산자 실화(등산객)
경기,임산물 채취자 실화
강원,성묘객 실화추정
경기,쓰레기 소각
인천,입산자 실화추정
경북,성묘객 실화추정
충남,벌초 및 성묘객 실화
경기,성묘객 실화(조사중)
전북,입산자 실화
경북,묘지주변 벌초 후 소각부주의
충남,농산부산물 소각
경기,쓰레기 소각
인천,낚시꾼 실화
경북,용접불씨 비화
경기,성묘객 실화
인천,입산자 담뱃불 실화 추정
충남,입산자 실화추정
전남,입산자 실화(추정)
인천,입산자 실화
인천,담배꽁초에 의한 발화(추정)
충남,입산자 실화
경남,입산자 실화
전남,자연발화
경북,입산자 실화
경북,낙뢰
경북,입산자 실화추정
충북,입산자 실화
충북,입산자 실화
충북,작업중 담뱃불 실화
경기,농산폐기물 소각
강원,낙뢰
경기,원인미상
전남,쓰레기 소각
충북,입산자 실화추정
대구,입산자 실화
강원,입산자 실화추정
전남,쓰레기 소각
대구,입산자 실화추정
강원,입산자 실화추정
충북,등산객 실화추정
충북,쓰레기 소각
경남,원인미상
강원,낙뢰
경북,입산자 실화추정
경북,농산폐기물 소각
충북,담뱃불 실화
경북,입산자 실화추정
전남,농산부산물 소각
경북,원인미상
전남,통신 기지국 발전기 화재 비화
전북,입산자 실화
대전,원인미상
대구,입산자 실화추정
강원,입산자 실화추정
서울,원인미상
강원,입산자 실화추정
강원,농산부산물 소각
강원,입산자 실화추정
강원,입산자 실화추정
경북,밭두렁 소각
경북,쓰레기 소각
강원,원인미상
대구,원인미상
대전,원인미상
경기,원인미상
경기,입산자 실화추정
경기,방화추정
광주,원인미상
경기,원인미상
전북,입산자 실화추정
전북,원인미상
강원,원인미상
서울,원인미상
서울,해원사 스님실화
경기,원인미상
충남,쓰레기 소각
경기,폐기물 소각
경북,쓰레기 소각
전북,원인미상
강원,입산자 실화추정
경북,입산자 실화추정
경기,산불발생지 재발화
경북,원인미상
강원,군사훈련(야간)추정
경북,원인미상
대전,입산자 실화추정
경북,쓰레기 소각
충남,예취기 작업인부 담뱃불 실화
강원,원인미상
강원,쓰레기 소각
충북,등산객 실화추정
대구,쓰레기 소각
경기,농산폐기물 소각
강원,원인미상
경기,원인미상
경기,입산자 실화추정
경북,원인미상
경남,공장화재 비화
강원,농산폐기물 소각
경기,담뱃불 실화추정
경기,군부대 훈련중 발화
강원,입산자 실화추정
경기,공장화재 비화
강원,농산폐기물 소각
경남,농산폐기물 소각
경기,입산자 실화추정
경기,입산자 실화추정
경북,입산자 실화추정
강원,원인미상
경기,원인미상
경기,방화추정
경기,원인미상
경기,원인미상
경기,쓰레기 소각
경기,원인미상
경기,입산자 실화
경기,입산자 실화추정
강원,등산로 정비사업 실화추정
강원,입산자 실화추정
경북,입산자 실화추정
강원,입산자 실화추정
강원,입산자 실화추정
강원,논밭두렁 소각
경기,입산자 실화추정
강원,입산자 실화추정
경북,재발화(5.27 산불발생지내)
인천,방화
경기,원인미상
경기,원인미상
경기,입산자 실화추정
강원,입산자 실화추정
경남,과수원내 컨테이너 전기누전 원인
경기,원인미상
서울,원인미상
경기,담뱃불 실화
경남,농산폐기물 소각
대전,원인미상
경북,쓰레기 소각
경기,원인미상
충남,벌채 후 지피물 소각실화
경기,원인미상
경기,쓰레기 소각
전북,원인미상
경북,농산부산물 소각
대구,입산자 실화추정
경기,입산자 실화
충북,등산객 실화추정
충북,등산객 실화추정
전남,원인미상
서울,학생 실화
경기,농산폐기물 소각
강원,입산자 실화
서울,입산자 실화
경기,원인미상
경기,산나물 채취자 실화
강원,입산자 실화추정
경남,취사행위 실화
경북,농산폐기물 소각
경북,공사장 전기합선 추정
대전,원인미상
충남,등산객 실화
강원,입산자 실화추정
강원,왕겨소각
강원,원인미상
강원,입산자 실화
강원,농산폐기물 소각
인천,입산자 실화추정
충남,입산자 실화
인천,입산자 실화추정
경기,원인미상
강원,입산자 실화추정
강원,입산자 실화추정
충남,군사장비 시험 중 발화
경기,입산자 실화추정
강원,입산자 실화추정
충북,산나물 체취자 실화추정
강원,입산자 실화추정
충북,등산객 실화
경기,원인미상
강원,입산자 실화추정
강원,논밭두렁 소각
강원,입산자 실화추정
인천,입산자 실화추정
경북,밭두렁 소각
경기,입산자 실화추정
강원,입산자 실화추정
강원,입산자 실화추정
강원,담뱃불 실화
강원,담뱃불 실화
강원,입산자 실화추정
강원,입산자 실화추정
경북,입산자 실화추정
인천,소각으로 인한 산불
강원,방화
경기,주택 전기합선
강원,벌통소독
인천,원인미상
경기,원인미상
전북,원인미상
전북,원인미상
경기,공장화장실 전기합선
충북,산나물 채취자 실화추정
경기,밭두렁 소각
충북,산나물 채취자 실화추정
울산,입산자 실화추정
강원,컨베이어벨트 케이블 절단
충북,가옥주변 쓰레기소각
경기,농작물 소각
충북,산나물 채취자 실화추정
강원,곤충 살충
충남,입산자 실화
전남,입산자 실화
부산,입산자 실화(담뱃불)
경기,입산자 실화추정
경기,비닐하우스 화재비화
인천,쓰레기 소각
경기,원인미상
전남,성묘객 실화
경기,원인미상
전남,입산자 실화
강원,(화목)보일러 연통 발화
강원,입산자 실화추정
경북,입산자 실화
강원,입산자 실화추정
부산,방화추정
경북,입산자 실화추정
경남,원인미상
경북,원인미상
충북,고물상 산소용접기 취급부주의
인천,입산자 실화(담뱃불)
강원,입산자 실화추정
경기,쓰레기 소각
강원,원인미상
인천,농산폐기물 소각
경기,농산폐기물 소각
인천,성묘객 실화
강원,입산자 실화(노숙자 모닥불)
인천,등산객 실화
경기,원인미상
경기,논밭두렁 소각
강원,입산자 실화추정
경기,원인미상
경기,원인미상
부산,작업중 실화(절단작업 스파크)
강원,입산자 실화추정
전남,논밭두렁 소각
서울,입산자 실화추정
경기,쓰레기 소각
전남,입산자 실화
강원,쓰레기 소각
충북,쓰레기 소각
전남,유품 소각
전남,논밭두렁 소각
강원,입산자 실화추정
전남,입산자 실화
충북,묵은밭 소각 실화
광주,원인미상
경북,쓰레기 소각
강원,원인미상
경기,쓰레기 소각
경기,쓰레기 소각
경남,입산자 실화추정
전북,원인미상
충북,쓰레기 소각
전남,입산자 실화(약초꾼)
인천,원인미상
경북,쓰레기 소각
경기,원인미상
경기,쓰레기 소각
경북,입산자 실화
서울,밭 소각(경작지내)
경북,축사내 쓰레기 소각
경기,원인미상
경기,광명동굴 개장 보수작업 화재
경북,쓰레기 소각
강원,주택화재 비화
강원,원인미상
전남,묘지소각실화
경기,쓰레기 소각
경기,입산자 실화추정
경기,농산폐기물 소각
충남,농산폐기물 소각
충북,농산폐기물 소각
강원,농산폐기물 소각(고춧대)
강원,입산자 실화추정
강원,원인미상
강원,입산자 실화추정
경기,쓰레기 소각
강원,담뱃불 실화
강원,농산폐기물 소각
강원,입산자 실화추정
전남,약초꾼 실화
경기,농작물 소각
전남,농산폐기물 소각
경기,농작물 소각
강원,담뱃불 실화
서울,원인미상
강원,원인미상
서울,원인미상
경기,쓰레기 소각
경기,원인미상
경기,쓰레기 소각(의류)
전남,고속도로 차량화재 비화
경기,논두렁 소각
전북,묘지주변 소각실화
서울,원인미상
경기,논두렁 소각
경기,입산자 실화추정
인천,농산폐기물 소각
전남,쓰레기 소각
울산,묘지향불 실화
경북,차량화재 전이
경남,담뱃불 실화
강원,입산자 실화추정
강원,군부대 진지보수
경기,농산폐기물 소각
경기,농작물 소각
울산,농산폐기물 소각추정
강원,쓰레기 소각
서울,원인미상
서울,원인미상
경기,쓰레기 소각
강원,용접작업 비화
전남,입산자 실화
대구,논밭두렁 소각
경기,입산자 실화추정
경기,하천변 소각
인천,쓰레기 소각
경기,원인미상
강원,재로인한 발화
충북,농산폐기물 소각
강원,쓰레기 소각
경기,쓰레기 소각
경기,원인미상
경기,농작물 소각
경기,입산자 실화추정
강원,재로인한 발화
전남,농산폐기물 소각
전남,축사주변 쓰레기 소각
경기,논밭두렁 소각
경기,원인미상
경기,쓰레기 소각
전남,취사행위 실화
경기,논두렁 소각
경기,쓰레기 소각
경기,논두렁 소각
인천,원인미상
경기,원인미상
경북,원인미상
경남,논두렁 소각
인천,농산물 소각
경북,산소 벌집제거
인천,어린이 불장난
인천,등산객 담뱃불 실화
경북,농산폐기물 소각
경기,입산자 실화추정
경기,입산자 실화추정
강원,농산폐기물 소각
세종,(화목)보일러 재 발화
경기,낙엽소각
경기,논두렁 소각
서울,원인미상
경기,논두렁 소각추정
경기,재발화(3.20 산불발생지내)
인천,농산폐기물 소각(고춧대)
경기,입산자 실화추정
경기,논밭두렁 소각
강원,주택화재 비화
인천,밭두렁 소각
경기,담뱃불 실화
인천,논밭두렁 소각
강원,입산자 실화추정
대구,쓰레기 소각
강원,밭두렁 소각
광주,농산폐기물 소각
전남,논밭두렁 소각
경기,농작물 소각
전남,논밭두렁 소각
전남,입산자 실화
전남,쓰레기 소각
대전,모닥불 취급 부주의
경북,농산폐기물 소각
강원,창고화재연소
인천,밭두렁 소각
울산,묘지소각 중 실화
전북,정신지체자 실화
전남,(화목)보일러 소각잔재물(재)
광주,원인미상
전북,쓰레기 소각
울산,조사중
서울,원인미상
경남,마른풀 소각
경기,쓰레기 소각
강원,원인미상
인천,밭두렁 소각
인천,주택가 생활쓰레기 소각
전남,논밭두렁 소각
대구,입산자 실화추정
서울,원인미상
강원,주택화재 비화
경기,농산폐기물 소각
경기,캠핑장 이용객 실화
경기,원인미상
경기,원인미상
충남,쓰레기 소각
경기,입산자 실화추정
전남,농산폐기물 소각
강원,쓰레기 소각
대구,쓰레기 소각
경북,입산자 실화추정
강원,쓰레기 소각
경기,등산객 실화
경기,도로공사 불꽃 비화
경기,원인미상
강원,원인미상
충북,묘지주변 쓰레기 소각
서울,조사중
경북,아궁이 불씨발화
충남,글라인더 작업 불꽃비화
경기,쓰레기 소각
경기,쓰레기 소각
울산,자살
경기,쓰레기 소각
전남,쓰레기 소각
대전,주택화재 비화
전남,쓰레기 소각
전남,무속행위(촛불)
인천,생활 쓰레기 소각
경북,원인미상
경북,농산폐기물 소각
부산,담뱃불 실화
경기,쓰레기 소각
강원,입산자 실화추정
강원,농산폐기물 소각
경북,원인미상
경남,원인미상
충남,농산부산물 소각
충남,묘지 발화
전북,입목폐기물 소각
경기,쓰레기 소각
경남,성묘객 묘지 옆에서 종이박스 소각
충북,묵밭 소각 부주의
경북,원인미상
전남,입산자 실화
경기,입산자 실화추정
경북,원인미상
경북,군부대 실화(신호탄 발화)
경기,쓰레기 소각
경북,농산폐기물 소각
경기,원인미상
경북,소각재 투기
경북,농산폐기물 소각
전북,쓰레기 소각
경남,원인미상
경기,쓰레기 소각
인천,담뱃불 실화
강원,원인미상
충북,담뱃불 실화추정
강원,(화목)나무보일러 불똥비화
경남,농수관 연결작업 중 비화
경북,논밭두렁 소각
인천,담뱃불 실화
인천,재발화(3.8 산불발생지내)
대전,과수원 쓰레기소각
강원,담뱃불 실화
경기,쓰레기 소각
인천,밭두렁 소각
인천,밭두렁 소각
전남,낚시꾼 취사행위 실화
강원,쓰레기 소각
강원,농산폐기물 소각
전남,도로변 쓰레기 소각
전남,묵은 밭 소각 실화
전북,담뱃불 실화
강원,잔디소각
경기,쓰레기 소각
인천,밭두렁 소각
전남,논밭두렁 소각
경기,논밭두렁 소각
인천,지피물 소각
경기,낙엽소각
경기,원인미상
경북,원인미상
인천,원인미상
전북,입목폐기물 소각
전남,생활 쓰레기 소각
경북,입산자 실화
충북,(화목)펠릿보일러 잿더미
경북,(화목)보일러 소각잔재물(재)투기
전남,양식장 전기공사(인두)중 발화
강원,펜션화재 비화
강원,입산자 실화추정
인천,원인미상
경기,쓰레기 소각
전남,농산부산물 소각
경기,원인미상
경기,원인미상
대전,화기취급 부주의
경북,입산자 실화추정
경기,성묘객 실화
강원,어린이 불장난
인천,원인미상
부산,입산자 실화(담뱃불)
대전,원인미상
경북,농산폐기물 소각
인천,밭두렁 소각 중 불씨 비화
경북,농산폐기물 소각
경남,입산자 실화추정
서울,원인미상
충북,조사중
경기,원인미상
전남,주택 내 쓰레기소각 부주의
서울,어린이 불장난
광주,입산자 실화추정
경기,성묘객 실화
충북,부산물 소각
경기,산쓰레기 소각
전남,입산자 실화
강원,건축물 실화(공장)
경북,농산폐기물 소각
서울,원인미상
대구,산쓰레기 소각
경북,입산자 실화추정
울산,입산자 실화추정
경북,전기합선
경북,원인미상
인천,원인미상
강원,(화목)보일러 불똥
경북,(화목)보일러 소각잔재물(재)투기
경북,농산폐기물 소각
부산,입산자 실화(담뱃불)
전북,벌목작업장 실화
경기,산쓰레기 소각
강원,입산자 실화추정
경기,입산자 실화추정
전남,방화
전남,방화
전남,입산자 실화
경북,입산자 실화추정(1.18.재불)
부산,농산폐기물 소각
경북,입산자 실화추정
전남,(화목)보일러 소각잔재물(재)
경북,원인미상
서울,원인미상
경북,(화목)보일러 소각잔재물(재)투기
강원,입산자 실화추정
강원,입산자 실화추정
전남,입산자 실화
경북,입산자 실화추정
부산,입산자실화
대구,입산자 실화
전남,산림연접지 농경지내 담배꽁초 투기
강원,쓰레기소각
경기,입산자 실화
강원,입산자 실화추정
경기,입산자 실화
경남,원인미상
경기,입산자 실화추정
서울,원인미상
경기,등산객 담배실화
경북,쓰레기 소각추정
부산,입산자 실화
강원,농산폐기물소각
경남,정신지체자 방화
전남,영농부산물 소각
경기,등산객 실화
서울,방화(대모산 연쇄방화)
경기,입산자 실화추정
서울,가건물 주택화재 번짐
강원,도로변 인근 교통사고
서울,방화(대모산 연쇄방화)
경기,입산자 실화추정
인천,담뱃불 실화추정
강원,농산폐기물소각
강원,입산자 실화
전남,영농부산물 소각
강원,입산자 실화
전남,쓰레기 소각
경기,재발화 산불
전북,등산객 실화추정
경기,입산자 실화추정
경기,낙뢰에 의한 산불(추정)
경기,입산자 실화추정
충남,벌집소각
충남,낚시꾼 담뱃불 실화추정
경남,원인미상
경북,입산자 실화추정
경남,쓰레기 소각으로 인한 실화
울산,입산자 실화
인천,담뱃불 실화추정
전남,쓰레기 소각
강원,입산자 실화추정
충북,입산자 실화
경북,농경지주변소각
경북,입산자 실화(숲가꾸기 작업장)
경북,입산자실화(쓰레기소각)
강원,입산자 실화추정
경기,입산자 실화
경기,낙뢰
경기,입산자 실화
서울,입산자 실화
경기,입산자 실화(무속행위)
대구,입산자 실화추정
전북,예초기 과열 폭발
경남,입산자 실화
전남,농산폐기물소각
경남,입산자 실화추정
강원,쓰레기 소각
경남,담뱃불 실화추정
강원,도로공사(용접불티)비화
전북,등산객 실화추정
강원,낙뢰 추정
충북,입산자 실화추정
경북,입산자 실화추정
서울,입산자 실화
강원,쓰레기 소각
경북,입산자 실화추정
충북,등산객 담뱃불 실화추정
강원,밭두렁 소각
충북,입산자 실화
경북,농산폐기물소각
대전,밭소각
전북,벌채 잔존목 소각
강원,무속행위 실화
경기,쓰레기 소각
경북,쓰레기 소각
경기,입산자 실화
강원,입산자 실화
경북,행군훈련 중 부상자발생으로 헬기구조신호 위해 불피움
경북,논두렁 소각
경북,쓰레기 소각
강원,"입산자 실화(산채,약초채취)추정"
경북,농산폐기물소각
경북,입산자 실화
경기,입산자 실화추정
경북,입산자 실화추정
경북,입산자 실화추정
경북,폐비닐 소각
경기,입산자 실화추정
광주,담뱃불 추정
전남,용접불똥
충북,입산자 실화추정
경기,입산자 실화
전북,입산자 실화추정
경북,원인미상
경남,산나물채취자 실화
충북,입산자 실화
전남,산나물채취자 실화
강원,입산자 실화추정
강원,양봉사화재 비화
경남,입산자 실화추정
강원,입산자 실화추정
전북,산나물채취자 실화추정
경북,입산자 실화추정
전남,쓰레기 소각
경기,입산자 실화
부산,산업현장 실화(용접)
강원,입산자 실화추정
경남,등산객 실화추정
경남,논밭두렁 소각
강원,입산자 실화(산채 채취)
인천,낙뢰 추정
전남,쓰레기 소각
경남,원인미상
전남,낚시꾼 실화
인천,입산자 실화추정
강원,쓰레기 소각
전남,농산부산물소각
강원,입산자 실화추정
강원,입산자 실화추정
전남,산나물채취자 실화
경북,원인미상
강원,입산자 실화추정
충북,산나물채취자 실화
충남,담뱃불 실화
강원,입산자 실화
경북,원인미상
인천,입산자 실화추정
강원,입산자 실화추정
강원,원인미상
전남,야간구조 조명탄 불씨(세월호)
강원,담뱃불 실화추정
충북,산나물채취자 추정
경북,입산자 실화추정
전남,담뱃불 실화
강원,입산자 실화추정
충남,주택화재로 인한 비화
충북,등산객 실화추정
경기,주택가 쓰레기 쓰레기 소각
강원,농산폐기물소각
전남,쓰레기 소각
강원,원인미상
강원,입산자 실화
전남,농산폐기물소각
강원,입산자 실화
경북,육묘장 전기누전
강원,원인미상
강원,입산자 실화
강원,산나물채취자 실화추정
서울,원인미상
인천,입산자 실화추정
대전,입산자 실화추정
전남,농산부산물소각
경기,농산폐기물소각
경북,입산자 실화추정
서울,등산객 실화추정
전남,농산부산물소각
충남,입산자 실화추정
충남,입산자 실화추정
충북,농산폐기물소각
전북,산나물채취자 실화
강원,입산자 실화
울산,도로공사현장 불꽃 비산
전남,입산자 실화
경기,입산자 실화
인천,입산자 실화추정
경기,입산자 실화
전북,산나물채취자 실화추정
경기,입산자 실화
충남,담뱃불 실화추정
강원,운전자 담뱃불 실화추정
경기,입산자 실화
전남,밭두렁 소각
경기,입산자 실화
강원,입산자 실화추정
강원,입산자 실화추정
전북,산나물채취자 실화
강원,입산자 실화추정
경기,입산자 실화
충남,방화추정
경기,입산자 실화
경기,입산자 실화
강원,입산자 실화추정
대전,원인미상
충남,입산자 실화추정
인천,입산자 실화추정
강원,입산자 실화추정
대구,원인미상
강원,입산자 실화추정
경남,원인미상
인천,낚시꾼 실화추정
인천,입산자 실화추정
충북,산나물채취자 실화추정
전북,농산폐기물소각
경기,입산자 실화
경북,입산자 실화추정
전남,밭두렁 소각
경북,입산자 실화추정
경북,농산폐기물소각
경북,농산폐기물소각
부산,원인미상
서울,방화
인천,입산자 실화추정
경북,입산자 실화추정
대전,입산자 실화추정
충북,담뱃불 실화추정
충남,입산자 실화추정
경북,입산자 실화
충남,입산자 실화추정
경남,쓰레기 소각
경기,입산자 실화
경북,산나물채취자 추정
충북,원인미상
충북,운전자 담뱃불 추정
강원,쓰레기 소각
인천,입산자 실화추정
강원,입산자 실화추정
경북,입산자 실화추정
강원,입산자 실화추정
경북,쓰레기 소각
강원,입산자 실화추정
전남,입산자 실화
경남,농산부산물소각
강원,입산자 실화추정
전남,입산자 실화
강원,담뱃불 투기
전남,쓰레기 소각
경남,원인미상
경기,농산폐기물소각
경북,입산자 실화추정(담뱃불)
강원,쓰레기소각
전남,입산자 실화
경기,입산자 실화추정
경기,입산자 실화
경기,입산자 실화
충남,쓰레기 소각
경북,주택화재로 인한 비화
전남,쓰레기 소각
충남,쓰레기 소각
충북,쓰레기 소각
인천,창고화재 비화
전남,담뱃불에 의한 발화
경기,입산자 실화추정
전남,입산자 실화
경북,농산폐기물소각
서울,쓰레기 소각
전북,산나물채취자 추정
전북,산나물채취자 실화
경북,성묘객 실화추정
전남,쓰레기 소각
전남,입산자 실화
전남,입산자 실화
전북,등산객 실화추정
서울,입산자 실화(담뱃불)
전남,입산자 실화
경기,쓰레기 소각
경남,등산객 담뱃불
서울,원인미상
경기,쓰레기 소각
전북,농산폐기물소각
충남,조사중
경기,입산자 실화
경북,입산자 실화추정
경기,입산자 실화
울산,쓰레기 소각
서울,원인미상
전남,입산자 실화
충남,농산폐기물소각
전남,입산자 실화
광주,원인미상
전남,농산부산물소각
경기,입산자 실화
인천,입산자 실화추정
충남,쓰레기 소각
경기,쓰레기 소각
경남,농산폐기물소각
인천,농산폐기물소각
전북,농산폐기물소각
충남,논밭두렁 소각
충남,농산폐기물소각
경북,묘소 둑 소각
전북,논두렁 소각
부산,쓰레기 소각
경남,사찰화재비화(전기누전)
인천,입산자 실화추정
강원,전기누전추정
경북,논밭두렁 소각
인천,입산자 실화추정
인천,담뱃불 실화추정
세종,암자(세종사)화재
서울,원인미상
인천,입산자 실화추정
경기,입산자 실화
경북,입산자 실화추정
강원,원인미상
강원,용접불티
강원,입산자 실화추정
경북,원인미상
서울,낙엽소각 실화
강원,전선스파크 추정
강원,전기누전추정
전남,농산부산물소각
경북,논밭두렁 소각
경북,농산폐기물소각
대구,입산자 실화(소각)
전남,농산부산물소각
경북,입산자 실화
경북,비닐하우스 가스폭발
전남,입산자 실화
경북,입산자 실화
경기,입산자 실화
울산,입산자 실화추정
경북,논밭두렁 소각
경남,원인미상
대구,봄나물 채취 중 실화
전남,등산객 실화추정
전남,집주변 잡풀소각
전남,입산자 실화추정
전남,도로쪽에서 화기(담뱃불)투기
광주,밭두렁 소각
충남,쓰레기 소각
대구,원인미상
부산,입산자 실화(담뱃불 실화)
경북,논밭두렁 소각
경북,논밭두렁 소각
경남,쓰레기 소각(집 마당 내)
경북,입산자 실화추정
강원,입산자 실화
전남,밭두렁 태우기
경북,사찰건립 현장 굴삭기 스파크로 발화
전북,논밭두렁 소각
전남,논두렁 소각
경남,주택내 쓰레기소각
세종,농산폐기물소각
경북,쓰레기 소각
경북,농산폐기물소각
충남,쓰레기 소각
전남,논두렁 소각
경북,논밭두렁 소각
전남,쓰레기 소각
경북,논밭두렁 소각(추정)
서울,원인미상
경남,원인미상
전남,입산자 실화
전남,입산자 실화
전남,농산폐기물소각
전남,논밭두렁 소각
강원,농산폐기물소각
부산,입산자 실화(담뱃불)
경북,입산자 실화
서울,원인미상
경북,입산자 실화추정
경북,생활쓰레기 소각
울산,취사행위
서울,노숙자 고의방화
전남,굴뚝불씨 비화
강원,굴뚝불씨 연소
전남,입산자 실화
전남,쓰레기 소각
강원,용접불씨연소
전남,폐 표고자목 소각
전북,농산폐기물소각
강원,농산폐기물소각
충남,농산폐기물소각
전북,원인미상
경북,입산자 실화추정
대전,원인미상
전남,쓰레기 소각
경북,농산폐기물소각
강원,농산폐기물소각
충남,과수원 쓰레기 소각
경북,원인미상
충북,쓰레기 소각
경북,성묘객 실화(취사행위)
전남,입산자 실화
전북,쓰레기 소각
울산,쓰레기 소각
충북,담뱃불 실화
전북,농산폐기물소각
강원,논밭두렁 소각
강원,논밭두렁 소각
경북,논밭두렁 소각
경북,쓰레기 소각
세종,입산자 실화
인천,농산폐기물소각
충남,논밭두렁 소각
충북,입산자 실화
서울,입산자 실화
경북,농산폐기물소각
경기,입산자 실화
강원,논밭두렁 소각
대전,등산객실화 또는 방화추정
전북,생활쓰레기 소각
경기,입산자 실화
경북,입산자 실화추정(약초꾼)
전남,쓰레기 소각(양식장 목재구조물 소각)
광주,쓰레기(의류)소각 추정
전북,농산폐기물소각
경북,농산폐기물소각
전북,등산객 실화추정
부산,방화추정
전남,농산폐기물소각
전남,농산폐기물소각
대전,등산객 실화추정
전남,논밭두렁 소각
세종,쓰레기 소각
대전,논밭두렁 소각
전남,논밭두렁 소각
전북,논밭두렁 소각
인천,입산자 실화
경북,운전자 담뱃불실화
광주,농산폐기물소각
광주,밭두렁 소각 추정
전남,농산부산물소각
경남,쓰레기 소각
전남,쓰레기 소각
인천,어린이 불장난
경북,농산폐기물소각
경북,입산자 실화추정
전북,입산자 실화추정
대구,입산자 실화
전남,농산부산물소각
경북,농산폐기물소각
전북,입산자 실화
전남,농산부산물소각
울산,성묘객 실화
경북,입산자 실화
전남,담뱃불 실화
전남,농산부산물소각
대전,어린이 불장난
전남,농산부산물소각
경북,논밭두렁 소각
경북,주택화재로 인한 비화
경북,쓰레기 소각
강원,주택화재로 인한 비화
경북,원인미상
전북,작업장 실화
울산,원인미상
경북,입산자 실화추정
경북,입산자 실화추정
경북,입산자 실화추정
경북,주택화재로 인한 비화
울산,성묘객 실화
울산,성묘객 실화
경북,성묘객 실화추정
경북,입산자 실화
경북,성묘객 실화
경북,쓰레기 소각
전남,논밭두렁 소각
경북,쓰레기 소각
경북,입산자 실화
울산,농산폐기물소각
대구,입산자 실화(조사중)
대구,방화추정
경북,쓰레기 소각
대구,방화추정
경북,입산자 실화추정
광주,방화
울산,원인미상
부산,작업중 실화(철재절단작업)
울산,연접공장 전기누전
경남,개축사 작업중 실화
경남,농산폐기물소각
경남,농산폐기물소각
경남,가축(개)음식 야외취사중 비화
경북,성묘객 실화추정
경북,쓰레기 소각
경북,담뱃불 실화추정
대구,입산자 실화(조사중)
강원,담뱃불 실화추정
전남,농산폐기물소각
경북,집쓰레기 소각 부주의
전북,성묘객 실화
전남,쓰레기 소각
강원,입산자(수렵인) 실화추정
강원,입산자 실화추정
경북,쓰레기 소각
경북,폐타이어 소각
경남,축사내 화기취급 부주의
경남,원인미상
경북,산림연접지에서 농산폐기물 소각 부주의
부산,담뱃불 실화
강원,농산폐기물소각
경북,논밭두렁 소각
대구,방화추정
대구,입산자 실화추정
전남,담뱃불 실화
부산,입산자 실화(담뱃불)
경북,입산자 실화추정
경남,입산자 실화추정
경남,입산자 실화추정
부산,쓰레기소각
경남,입산자실화 추정
전남,입산자실화
전북,농산폐기물소각
전남,쓰레기소각
경남,입산자실화 추정
경기,원인미상
부산,입산자실화
부산,방화 추정
강원,입산자실화 추정
경북,입산자실화
강원,담뱃불실화 추정
대구,입산자실화
부산,담뱃불실화 추정
강원,산업현장실화 추정
경북,원인미상
경북,입산자실화 추정
경북,등산객실화 추정
강원,방화
경북,입산자실화 추정
경남,입산자실화 추정
부산,방화 추정
전북,입산자실화 추정
강원,입산자실화 추정
부산,묘지 벌초 중 실화
충남,입산자실화 추정
서울,원인미상
전남,낚시꾼실화
전북,입산자실화 추정
부산,담뱃불실화 추정
충남,입산자실화 추정
전북,등산객발화 추정
경북,쓰레기소각(송이채취자)
경남,입산자실화 추정
울산,쓰레기소각
전남,입산자실화
전남,입산자실화
경북,입산자실화
경북,담뱃불실화
강원,원인미상
강원,낙뢰 추정
부산,입산자실화 추정
인천,원인미상
강원,입산자실화
인천,원인미상
충북,원인미상
강원,입산자실화 추정
전남,논밭두렁소각
경남,입산자실화
전남,입산자실화
강원,입산자실화
강원,입산자실화
경북,입산자실화
경북,산나물채취객
경북,논두렁소각
강원,입산자실화
경북,입산자실화
경남,산나물채취객
강원,입산자실화
경북,농산폐기물소각
경북,입산자실화
경북,입산자실화
광주,입산자실화
강원,담뱃불실화
강원,입산자실화
전남,입산자실화
충북,입산자실화
강원,입산자실화
전남,입산자실화
전남,쓰레기소각
울산,입산자실화
경북,등산객실화
강원,입산자실화
전남,입산자실화
경남,산나물채취객
대구,입산자실화
경북,입산자실화
강원,입산자실화
강원,입산자실화
강원,쓰레기소각
강원,입산자실화
전남,입산자실화
강원,입산자실화
경남,입산자실화
강원,입산자실화
경북,입산자실화
서울,방화 추정
전북,하우스용접
세종,농산폐기물소각
충북,공장쓰레기소각
전남,성묘객실화
경북,성묘객실화
전남,터널용접작업
전북,쓰레기소각
전북,농산폐기물소각
경북,자동차화재
경북,주택화재비화
충남,쓰레기소각
충남,입산자실화
충남,낙뢰
충남,풍등에 의한 실화
전남,논밭두렁소각
경남,등산객실화
경북,입산자실화
전북,입산자실화
충남,농산폐기물소각
대전,농산폐기물소각
대전,입산자실화
경북,쓰레기소각
경기,입산자실화
경기,농산폐기물소각
경북,쓰레기소각
부산,담뱃불실화
충북,담뱃불실화
전북,입산자실화
대전,입산자실화
부산,입산자실화
경남,산나물채취객
전북,주택화재비화
전북,입산자실화
대전,입산자실화
경북,입산자실화
전남,입산자실화
전남,주택아궁이 불씨
경남,담뱃불실화
전남,입산자실화
울산,논두렁소각
충북,논밭두렁소각
전남,성묘객실화
경북,담뱃불실화
충남,작업장실화
전남,논두렁소각
경북,밭두렁소각
경남,농산폐기물소각
경남,입산자실화
충남,밭두렁소각
세종,쓰레기소각
경남,입산자실화
전남,논두렁소각
광주,논두렁소각
전남,입산자실화
전북,입산자실화
강원,입산자실화
경북,전봇대전기누전
전북,입산자실화
전남,담뱃불실화
경남,작업장용접
전남,밭두렁소각
인천,담뱃불실화
전남,논밭두렁소각
부산,입산자실화
경기,담뱃불실화
전북,담뱃불실화
경남,농산폐기물소각
경북,입산자실화
충북,밭두렁소각
경기,농산폐기물소각
경남,쓰레기소각
인천,농산폐기물소각
전북,농산폐기물소각
경남,농산폐기물소각
경남,원인미상
강원,방화
서울,노숙자실화 추정
전남,입산자실화
강원,담뱃불실화
강원,농산폐기물소각
충남,쓰레기소각
전남,입산자실화 추정
충북,쓰레기소각
경남,양봉업 작업중실화
경북,작업장실화
전북,논밭두렁소각
전북,입산자실화
경북,쓰레기소각
전남,낚시꾼실화
강원,성묘객실화
전남,농산폐기물소각
경기,담뱃불실화
전남,담뱃불실화
경북,입산자실화
충북,밭두렁소각
전북,원인미상
전북,입산자실화
충남,성묘객실화
전북,성묘객실화
울산,원인미상
충북,논밭두렁소각
부산,어린이불장난
전남,쓰레기소각
부산,입산자실화
강원,농산폐기물소각
전북,쓰레기소각
충북,쓰레기소각
전남,논두렁소각
전북,논두렁소각
전남,농산폐기물소각
전북,원인미상
전남,묶밭소각
전남,농산폐기물소각
강원,농산폐기물소각
부산,입산자실화
경북,무속인실화 추정
전남,밭두렁소각
전남,농산폐기물소각
서울,밭두렁소각
경북,담뱃불실화
경남,쓰레기소각
충남,쓰레기소각
전북,주택화재비화
울산,쓰레기소각
충북,쓰레기소각
경남,담뱃불실화
충남,농산폐기물소각
경북,벌꿀소독
경북,담뱃불실화
경북,어린이불장난
전남,논두렁소각
경남,담뱃불실화
전남,쓰레기소각
전남,쓰레기소각
전북,밭두렁소각
충남,쓰레기소각
울산,성묘객실화
울산,쓰레기소각
전북,쓰레기소각
광주,밭두렁소각
강원,쓰레기소각
광주,쓰레기소각
울산,작업장용접
세종,쓰레기소각
전북,논밭두렁소각
제주,쓰레기소각
전북,논밭두렁소각
전북,쓰레기소각
경북,입산자실화
강원,쓰레기소각
울산,원인미상
전북,농산폐기물소각
경북,입산자실화
세종,농산폐기물소각
전북,농산폐기물소각
강원,농산폐기물소각
울산,쓰레기소각
전남,쓰레기소각
전남,논두렁소각
충남,농산폐기물소각
전남,논두렁소각
광주,농산폐기물소각
경북,농산폐기물소각
전남,용접작업
경북,논밭두렁소각
경남,농산폐기물소각
경남,원인미상
경북,쓰레기소각
전남,농산폐기물소각
경남,성묘객실화
경남,농산폐기물소각
경남,농산폐기물소각
강원,쓰레기소각
충북,논밭두렁소각
전남,밭두렁소각
전남,논두렁소각
전북,원인미상
충북,농산폐기물소각
충남,농산폐기물소각
전남,밭두렁소각
전남,밭두렁소각
전남,농산폐기물소각
강원,농산폐기물소각
경남,입산자실화
경남,논밭두렁소각
충북,쓰레기소각
경남,원인미상
경남,농산폐기물소각
전남,논두렁소각
울산,공장작업장 실화
대전,쓰레기소각
경남,공장화재
경남,무속인 풍등실화
광주,원인미상
울산,작업장실화
경북,담뱃불실화
충남,쓰레기소각
울산,중학생불장난
광주,입산자실화
대전,원인미상
경남,논두렁소각
울산,어린이불장난
부산,밭두렁소각
경북,담뱃불실화
경북,건축물화재비화
부산,논밭두렁소각
강원,쓰레기소각
전남,논밭두렁소각
제주,낚시꾼실화
전남,작업장실화
