발생일시_년,발생일시_월,발생장소_시도,피해면적_합계
2022,12,전라남도,0.02
2022,12,경상북도,0.01
2022,12,경상북도,0.2
2022,12,경상북도,0.1
2022,12,경상남도,2
2022,12,경상북도,0.2
2022,12,경상남도,0.06
2022,12,경상북도,0.02
2022,12,경상남도,0.05
2022,12,경상남도,0.06
2022,12,강원도,0.03
2022,12,경상남도,0.1
2022,12,경상북도,0.16
2022,12,경상남도,0.03
2022,12,전라남도,0.03
2022,12,강원도,0.3
2022,12,경상북도,0.06
2022,12,경상남도,0.01
2022,12,전라남도,0.05
2022,12,강원도,5.2
2022,12,경상북도,0.01
2022,12,경상북도,0.02
2022,12,경상북도,0.02
2022,12,경상남도,0.2
2022,12,충청북도,0.05
2022,12,경상남도,0.01
2022,12,전라남도,0.05
2022,12,전라남도,0.1
2022,12,경상남도,0.01
2022,12,경상남도,0.1
2022,12,강원도,0.02
2022,12,강원도,0.9
2022,12,경기도,0.13
2022,12,경상북도,0.1
2022,12,경상남도,0.01
2022,12,경기도,0.06
2022,11,경기도,0.06
2022,11,경상남도,0.3
2022,11,경상북도,0.1
2022,11,전라남도,0.05
2022,11,충청남도,0.03
2022,11,강원도,0.04
2022,11,경상북도,0.01
2022,11,강원도,0.01
2022,11,경상남도,0.06
2022,11,경기도,0.01
2022,11,강원도,1
2022,11,전라북도,5
2022,11,충청남도,0.16
2022,11,경기도,0.5
2022,11,경기도,0.5
2022,11,경기도,0.1
2022,11,충청남도,0.01
2022,11,경기도,0.06
2022,11,경상북도,0.5
2022,11,경상북도,0.02
2022,11,경상남도,0.34
2022,11,충청남도,0.01
2022,11,경상남도,0.11
2022,11,경상북도,0.03
2022,11,경상북도,0.5
2022,11,충청남도,0.06
2022,11,경기도,0.2
2022,11,전라북도,0.02
2022,11,경상남도,0.01
2022,11,경상남도,0.1
2022,11,전라남도,0.05
2022,11,경상북도,0.01
2022,11,경상남도,0.5
2022,11,경기도,0.3
2022,11,경상북도,0.8
2022,11,경상북도,0.02
2022,11,경상북도,0.5
2022,11,충청남도,0.01
2022,11,경상남도,0.03
2022,11,경상남도,0.01
2022,11,경상남도,0.01
2022,11,전라남도,0.02
2022,11,경상남도,0.02
2022,11,경상북도,0.4
2022,11,경기도,3
2022,11,경기도,0.03
2022,11,전라남도,0.05
2022,10,경상남도,0.04
2022,10,전라남도,0.04
2022,10,충청남도,0.01
2022,10,경기도,0.3
2022,10,경상북도,0.02
2022,10,전라남도,0.1
2022,10,경상남도,0.26
2022,10,경상남도,0.01
2022,10,경상남도,0.05
2022,10,경상남도,0.03
2022,10,강원도,0.1
2022,10,경상남도,0.1
2022,10,경상북도,0.3
2022,10,전라남도,0.3
2022,10,경상남도,0.05
2022,10,경상남도,0.1
2022,10,경상북도,0.01
2022,10,경상북도,0.01
2022,10,경상북도,0.01
2022,10,경상북도,0.01
2022,10,전라남도,0.1
2022,10,경상남도,0.1
2022,10,강원도,0.04
2022,10,강원도,0.01
2022,9,경상남도,0.01
2022,9,전라남도,0.01
2022,9,경상북도,0.09
2022,9,강원도,0.01
2022,9,전라남도,0.3
2022,9,전라북도,0.2
2022,9,강원도,0.12
2022,9,전라남도,0.1
2022,9,전라북도,0.35
2022,9,충청남도,0.03
2022,9,충청북도,0.2
2022,7,충청남도,0.1
2022,7,경상북도,0.05
2022,7,경상북도,0.3
2022,6,충청남도,0.01
2022,6,전라북도,0.02
2022,6,경상북도,0.33
2022,6,경상북도,0.2
2022,6,충청남도,0.01
2022,6,강원도,0.01
2022,6,경기도,0.01
2022,6,충청남도,0.01
2022,6,경기도,0.01
2022,6,경기도,0.1
2022,6,경기도,0.01
2022,6,강원도,0.06
2022,6,경상북도,0.2
2022,6,충청북도,0.32
2022,6,경기도,0.01
2022,6,충청남도,0.01
2022,6,경기도,0.01
2022,6,전라북도,0.3
2022,6,전라남도,1
2022,6,강원도,0.32
2022,6,경기도,0.04
2022,6,경기도,0.01
2022,6,경상북도,0.06
2022,6,충청북도,2.4
2022,6,경상북도,0.5
2022,6,경기도,1
2022,5,전라북도,0.1
2022,5,경상북도,0.1
2022,5,경기도,0.03
2022,5,경상북도,5.3
2022,5,경기도,0.01
2022,5,경상남도,660.82
2022,5,경상남도,0.2
2022,5,전라북도,0.2
2022,5,경상남도,0.01
2022,5,경상남도,0.7
2022,5,경상남도,0.1
2022,5,전라남도,0.5
2022,5,경상남도,0.15
2022,5,경상북도,228.76
2022,5,경상북도,0.03
2022,5,경상남도,0.1
2022,5,경상남도,0.06
2022,5,경상남도,0.01
2022,5,전라북도,0.01
2022,5,경상남도,0.1
2022,5,경상남도,0.01
2022,5,경기도,1.05
2022,5,경상남도,3.95
2022,5,경상북도,0.2
2022,5,경상남도,1.1
2022,5,강원도,0.02
2022,5,경상남도,0.3
2022,5,경기도,0.01
2022,5,강원도,0.21
2022,5,경상북도,0.01
2022,5,강원도,0.1
2022,5,전라남도,1.5
2022,5,경상북도,0.06
2022,5,경상남도,0.01
2022,5,경기도,0.13
2022,5,경기도,0.02
2022,5,경상남도,0.02
2022,5,경상남도,1
2022,5,경기도,0.01
2022,5,전라북도,0.1
2022,5,경상북도,0.39
2022,5,충청북도,0.01
2022,5,경상북도,0.05
2022,5,전라북도,0.3
2022,5,충청남도,0.01
2022,5,강원도,0.01
2022,5,경상북도,0.16
2022,5,경상남도,0.09
2022,5,경상남도,0.01
2022,5,경기도,2
2022,5,경상북도,0.03
2022,5,전라북도,0.2
2022,5,경상남도,0.01
2022,5,강원도,1.2
2022,5,경상북도,0.1
2022,5,경상남도,3
2022,5,경상북도,0.01
2022,5,강원도,2.25
2022,5,강원도,0.15
2022,5,충청남도,0.6
2022,5,충청남도,0.9
2022,5,강원도,0.2
2022,5,전라남도,2.5
2022,5,경상북도,0.8
2022,5,경상남도,0.01
2022,5,경기도,4
2022,5,충청남도,0.5
2022,5,경기도,0.08
2022,5,강원도,0.03
2022,5,경기도,0.06
2022,5,전라북도,0.2
2022,5,전라북도,0.03
2022,5,충청북도,0.14
2022,5,충청남도,0.05
2022,5,전라북도,0.2
2022,5,경상남도,0.05
2022,5,강원도,0.18
2022,5,경기도,0.06
2022,5,경기도,0.05
2022,5,충청북도,2.1
2022,5,경상북도,0.05
2022,5,경기도,0.04
2022,5,전라북도,0.5
2022,5,경상북도,0.1
2022,5,전라남도,0.3
2022,5,전라남도,0.1
2022,5,경기도,0.02
2022,5,충청남도,0.01
2022,5,강원도,0.15
2022,5,경기도,0.02
2022,5,경기도,0.03
2022,5,경상북도,0.68
2022,5,강원도,0.05
2022,5,전라북도,0.1
2022,5,충청북도,0.2
2022,5,전라남도,0.2
2022,5,경상북도,0.05
2022,5,경상남도,0.01
2022,5,경기도,0.13
2022,5,경기도,0.15
2022,5,충청북도,0.05
2022,5,경상남도,0.1
2022,5,경기도,0.8
2022,5,전라남도,0.1
2022,5,전라남도,0.01
2022,5,충청북도,1.5
2022,5,강원도,0.24
2022,5,경상북도,0.01
2022,5,경상북도,1.44
2022,5,경기도,0.8
2022,5,경상북도,0.01
2022,5,경기도,0.07
2022,5,충청남도,0.3
2022,5,경기도,0.3
2022,5,전라남도,0.65
2022,4,경기도,0.01
2022,4,경기도,0.16
2022,4,강원도,0.05
2022,4,경상북도,0.01
2022,4,경기도,0.1
2022,4,전라남도,5
2022,4,전라북도,0.06
2022,4,경기도,0.01
2022,4,강원도,0.06
2022,4,경상남도,0.01
2022,4,충청남도,0.21
2022,4,충청북도,0.1
2022,4,강원도,0.02
2022,4,경상북도,0.01
2022,4,경기도,0.2
2022,4,충청남도,0.02
2022,4,강원도,0.01
2022,4,충청남도,0.01
2022,4,경상북도,0.05
2022,4,충청남도,0.01
2022,4,경기도,0.01
2022,4,충청북도,2.82
2022,4,전라북도,0.6
2022,4,강원도,0.6
2022,4,경상북도,0.71
2022,4,강원도,70.44
2022,4,경상북도,3
2022,4,충청남도,1
2022,4,충청남도,0.06
2022,4,충청남도,2
2022,4,강원도,1.12
2022,4,충청남도,0.2
2022,4,경기도,0.4
2022,4,강원도,0.01
2022,4,경상남도,0.61
2022,4,경상북도,2.89
2022,4,충청남도,0.03
2022,4,경상북도,3.18
2022,4,충청남도,0.5
2022,4,경상남도,0.1
2022,4,경기도,0.01
2022,4,경상북도,0.08
2022,4,강원도,12.51
2022,4,경기도,1.8
2022,4,충청남도,0.7
2022,4,전라북도,0.15
2022,4,경기도,0.69
2022,4,충청남도,1
2022,4,전라북도,0.1
2022,4,경상북도,0.15
2022,4,전라북도,0.1
2022,4,경상남도,0.01
2022,4,전라북도,0.01
2022,4,경상북도,0.03
2022,4,경기도,0.03
2022,4,경상북도,0.01
2022,4,전라북도,0.6
2022,4,경상남도,0.2
2022,4,경상북도,0.2
2022,4,경기도,0.46
2022,4,전라북도,0.35
2022,4,경기도,0.05
2022,4,전라남도,1
2022,4,강원도,0.2
2022,4,전라남도,0.2
2022,4,경상북도,0.1
2022,4,전라남도,0.6
2022,4,경상북도,0.01
2022,4,경기도,0.02
2022,4,충청남도,0.08
2022,4,강원도,0.02
2022,4,경기도,0.01
2022,4,전라남도,0.3
2022,4,경기도,0.01
2022,4,전라북도,0.04
2022,4,전라남도,1
2022,4,충청남도,0.05
2022,4,충청남도,0.21
2022,4,강원도,0.3
2022,4,전라남도,0.3
2022,4,경상북도,9.69
2022,4,경기도,0.27
2022,4,경상북도,0.5
2022,4,경상북도,0.15
2022,4,충청북도,0.14
2022,4,경기도,0.04
2022,4,강원도,3.5
2022,4,경상북도,0.01
2022,4,경상북도,1.1
2022,4,경상남도,0.8
2022,4,전라북도,1
2022,4,전라남도,0.5
2022,4,경기도,0.02
2022,4,강원도,716.31
2022,4,경상북도,2.5
2022,4,경상남도,0.01
2022,4,경기도,0.02
2022,4,경기도,0.02
2022,4,경기도,1.24
2022,4,경상북도,225.72
2022,4,강원도,3.3
2022,4,경기도,0.06
2022,4,경기도,0.03
2022,4,강원도,0.94
2022,4,강원도,13
2022,4,경기도,0.08
2022,4,경상남도,2
2022,4,경기도,0.05
2022,4,경상남도,1.7
2022,4,경상북도,0.03
2022,4,경기도,0.45
2022,4,경상북도,0.2
2022,4,충청남도,0.5
2022,4,충청남도,0.1
2022,4,경기도,1
2022,4,경기도,8
2022,4,경상북도,0.2
2022,4,충청남도,9.93
2022,4,경상남도,1.8
2022,4,경기도,0.01
2022,4,경기도,1.5
2022,4,경기도,1.6
2022,4,경기도,0.2
2022,4,전라북도,0.2
2022,4,경기도,1
2022,4,전라남도,0.12
2022,4,충청남도,158.11
2022,4,경상북도,3
2022,4,전라북도,0.09
2022,4,전라북도,0.09
2022,4,경기도,0.05
2022,4,전라남도,0.1
2022,4,경상남도,0.1
2022,4,충청남도,0.1
2022,4,전라남도,0.1
2022,4,경기도,0.01
2022,4,경기도,0.03
2022,4,전라북도,0.4
2022,4,경기도,0.01
2022,4,경기도,0.2
2022,4,경상남도,0.18
2022,4,경기도,0.02
2022,4,경기도,0.09
2022,4,경상남도,0.14
2022,4,경상북도,0.1
2022,4,경기도,0.05
2022,4,경기도,0.03
2022,4,경기도,0.8
2022,4,경기도,0.12
2022,4,경상북도,130
2022,4,경상북도,0.16
2022,4,충청남도,0.02
2022,4,경기도,8
2022,4,경기도,0.1
2022,4,충청남도,0.07
2022,4,경상북도,0.17
2022,4,경기도,0.23
2022,4,경기도,0.1
2022,4,경기도,0.1
2022,4,충청남도,0.3
2022,4,강원도,0.3
2022,4,경기도,0.01
2022,4,경상북도,0.02
2022,4,경상북도,3.5
2022,4,충청북도,0.25
2022,4,경상북도,0.1
2022,4,경기도,0.01
2022,4,경상북도,0.1
2022,4,전라북도,0.09
2022,4,경기도,0.03
2022,4,전라북도,5
2022,4,충청남도,0.01
2022,4,경기도,0.15
2022,4,경기도,0.09
2022,4,경기도,0.5
2022,4,전라북도,0.1
2022,4,경상남도,0.01
2022,4,경기도,0.89
2022,4,전라남도,1
2022,4,경기도,0.02
2022,3,경기도,0.01
2022,3,경상남도,0.05
2022,3,강원도,0.65
2022,3,경기도,0.09
2022,3,경기도,0.3
2022,3,경상남도,0.02
2022,3,경상남도,0.1
2022,3,경상남도,1.47
2022,3,경상남도,0.33
2022,3,충청남도,0.09
2022,3,경상북도,0.48
2022,3,경상북도,0.15
2022,3,경상남도,0.6
2022,3,전라북도,0.02
2022,3,강원도,8
2022,3,전라남도,3
2022,3,경기도,0.1
2022,3,강원도,0.33
2022,3,경상남도,3.8
2022,3,전라북도,0.01
2022,3,경기도,0.3
2022,3,전라북도,0.04
2022,3,전라남도,0.1
2022,3,경기도,0.66
2022,3,경기도,0.2
2022,3,충청남도,0.1
2022,3,충청남도,1
2022,3,충청남도,0.41
2022,3,경상북도,1.16
2022,3,경상북도,1
2022,3,경기도,0.06
2022,3,전라북도,0.3
2022,3,전라북도,0.2
2022,3,경상남도,0.1
2022,3,경기도,1.3
2022,3,전라북도,0.1
2022,3,경기도,2.15
2022,3,전라북도,1
2022,3,강원도,1.1
2022,3,제주,0.2
2022,3,경상북도,0.2
2022,3,충청남도,0.03
2022,3,경기도,0.01
2022,3,경상북도,0.04
2022,3,경상남도,0.01
2022,3,경상남도,0.1
2022,3,경상북도,11
2022,3,경상남도,0.5
2022,3,충청남도,0.06
2022,3,경상남도,1
2022,3,경상남도,0.03
2022,3,경상북도,22.96
2022,3,경상남도,0.01
2022,3,충청남도,5
2022,3,충청남도,0.02
2022,3,경상북도,0.8
2022,3,경상남도,0.7
2022,3,경상북도,3.86
2022,3,경기도,8
2022,3,충청남도,0.1
2022,3,경상남도,0.5
2022,3,강원도,4190.38
2022,3,강원도,30.89
2022,3,경상남도,16.3
2022,3,경기도,0.09
2022,3,경기도,1.8
2022,3,충청남도,0.77
2022,3,경상북도,0.01
2022,3,강원도,184.01
2022,3,경상북도,16301.98
2022,3,경상북도,6.54
2022,3,경기도,0.01
2022,3,경상북도,0.2
2022,3,경상북도,0.2
2022,3,경기도,0.13
2022,3,경기도,0.01
2022,3,경기도,0.01
2022,3,경상북도,0.3
2022,3,경상남도,0.45
2022,3,경상남도,20
2022,3,충청남도,0.05
2022,3,경상북도,1.69
2022,2,경상북도,0.67
2022,2,충청북도,0.02
2022,2,전라남도,0.1
2022,2,경상남도,813.89
2022,2,경기도,0.03
2022,2,전라북도,0.1
2022,2,경상북도,0.3
2022,2,경상북도,0.2
2022,2,충청남도,0.05
2022,2,경상북도,0.12
2022,2,충청남도,1.5
2022,2,충청남도,0.14
2022,2,충청남도,0.2
2022,2,경기도,0.02
2022,2,경상북도,2
2022,2,충청북도,0.03
2022,2,경상북도,88.63
2022,2,경상북도,0.2
2022,2,강원도,8.69
2022,2,경상북도,18.5
2022,2,경상남도,0.05
2022,2,전라남도,0.2
2022,2,경상북도,0.86
2022,2,충청북도,0.5
2022,2,전라남도,2
2022,2,강원도,0.06
2022,2,경기도,0.06
2022,2,경상남도,0.11
2022,2,충청북도,0.2
2022,2,경상북도,0.2
2022,2,경상남도,8.03
2022,2,전라남도,2
2022,2,전라남도,0.5
2022,2,전라남도,29
2022,2,경상북도,0.91
2022,2,경상남도,10.2
2022,2,강원도,1
2022,2,강원도,0.09
2022,2,경기도,0.09
2022,2,경상남도,0.08
2022,2,강원도,4.1
2022,2,경상북도,0.3
2022,2,경기도,0.6
2022,2,충청남도,0.2
2022,2,강원도,0.6
2022,2,충청남도,0.15
2022,2,경기도,0.5
2022,2,경기도,0.14
2022,2,경상북도,0.2
2022,2,경상남도,0.3
2022,2,강원도,0.16
2022,2,경기도,3
2022,2,경상북도,0.1
2022,2,경기도,0.06
2022,2,경기도,0.03
2022,2,전라북도,16.5
2022,2,경상북도,9.2
2022,2,강원도,3.95
2022,2,경기도,0.03
2022,2,경기도,0.1
2022,2,경상북도,0.23
2022,2,충청북도,0.15
2022,2,충청남도,0.01
2022,2,강원도,0.1
2022,2,전라남도,0.3
2022,2,경상북도,0.3
2022,2,전라북도,0.3
2022,2,경상북도,0.96
2022,2,충청북도,0.1
2022,2,경기도,0.01
2022,2,경상남도,0.07
2022,2,경기도,0.03
2022,2,충청남도,0.3
2022,2,충청남도,0.03
2022,2,경기도,0.1
2022,2,전라북도,0.1
2022,2,강원도,0.2
2022,2,경기도,0.01
2022,2,전라남도,0.3
2022,2,충청남도,0.05
2022,2,경상남도,0.09
2022,2,경기도,0.16
2022,2,경기도,0.01
2022,2,경상남도,0.2
2022,2,경기도,0.06
2022,2,경상북도,0.67
2022,2,경기도,0.15
2022,2,전라북도,0.03
2022,2,경상남도,0.5
2022,2,경상북도,8.53
2022,2,경상남도,1.5
2022,2,경상북도,405.69
2022,2,경상북도,0.1
2022,2,경상남도,0.5
2022,2,강원도,0.4
2022,2,충청남도,0.3
2022,2,전라북도,0.5
2022,2,경기도,0.03
2022,2,경기도,0.03
2022,2,경상남도,0.02
2022,2,전라북도,0.01
2022,2,강원도,0.05
2022,2,경기도,0.17
2022,2,전라남도,0.2
2022,2,전라남도,0.4
2022,2,강원도,0.1
2022,2,경상남도,0.24
2022,2,충청남도,0.03
2022,2,경상남도,0.01
2022,2,전라남도,0.1
2022,2,충청북도,1.47
2022,2,경기도,0.5
2022,2,충청북도,1.8
2022,2,충청남도,0.06
2022,2,충청남도,0.12
2022,2,강원도,0.1
2022,2,경상남도,0.06
2022,2,경상북도,0.5
2022,2,충청남도,0.06
2022,2,경상남도,0.04
2022,2,경기도,1.6
2022,2,경기도,0.04
2022,2,경상북도,12.4
2022,2,경기도,0.06
2022,2,경기도,0.01
2022,2,경상북도,1.37
2022,2,강원도,0.05
2022,2,경상북도,0.3
2022,2,경기도,0.5
2022,2,경상북도,1.15
2022,2,전라남도,0.39
2022,2,경기도,0.15
2022,2,경상남도,1.03
2022,2,경상북도,0.69
2022,2,경상남도,0.07
2022,2,경상남도,0.9
2022,2,충청남도,0.03
2022,2,강원도,0.1
2022,2,경기도,0.9
2022,2,경상북도,0.2
2022,2,경상북도,0.1
2022,2,경상북도,0.1
2022,2,경상북도,2.5
2022,1,경기도,0.3
2022,1,강원도,0.2
2022,1,충청남도,0.01
2022,1,경상남도,0.01
2022,1,경상북도,0.01
2022,1,경기도,0.01
2022,1,전라남도,0.02
2022,1,경기도,0.01
2022,1,경상북도,0.1
2022,1,충청남도,0.01
2022,1,경기도,0.07
2022,1,강원도,0.1
2022,1,전라북도,0.5
2022,1,경상북도,0.01
2022,1,경상북도,0.4
2022,1,경상남도,0.31
2022,1,전라남도,4.4
2022,1,경상남도,1.45
2022,1,경상북도,0.94
2022,1,경상북도,0.3
2022,1,경기도,0.02
2022,1,전라북도,0.3
2022,1,경상북도,0.03
2022,1,경상북도,0.01
2022,1,경상북도,0.1
2022,1,경상북도,0.1
2022,1,경상북도,0.05
2022,1,경상남도,0.02
2022,1,경상북도,0.2
2022,1,경기도,0.6
2022,1,경상남도,0.03
2022,1,경기도,0.01
2022,1,경기도,0.05
2022,1,경상남도,0.33
2022,1,경상남도,0.02
2022,1,경상북도,3
2022,1,경상남도,0.19
2022,1,강원도,0.2
2022,1,경상북도,1.2
2022,1,경상북도,0.01
2022,1,경상북도,0.02
2022,1,경기도,0.02
2022,1,경상북도,0.01
2022,1,경기도,0.1
2022,1,경기도,0.04
2022,1,경상남도,2.5
2022,1,경상남도,0.02
2022,1,경기도,0.01
2022,1,강원도,0.3
2022,1,경상북도,0.2
2022,1,경기도,0.01
2022,1,경상북도,0.05
2022,1,경기도,0.05
2022,1,강원도,0.15
2022,1,경상북도,0.1
2022,1,경상남도,5.5
2022,1,경상북도,14.1
2022,1,경기도,0.26
2022,1,전라남도,1.1
2022,1,경기도,0.02
2022,1,경상남도,0.03
2022,1,강원도,0.01
2022,1,경상남도,0.5
2022,1,경상남도,0.04
2022,1,전라북도,0.06
2022,1,경상남도,0.1
2022,1,경상북도,0.05
2022,1,경상북도,0.1
2022,1,충청북도,0.1
2022,1,경상남도,0.1
2022,1,경상북도,0.1
2022,1,경기도,0.16
2022,1,경상남도,0.01
2022,1,경상남도,0.01
2022,1,충청남도,0.15
2022,1,경기도,0.5
2022,1,경상북도,0.01
2022,1,경기도,0.01
2022,1,경상남도,0.01
2022,1,충청북도,0.9
2022,1,경상북도,0.5
2022,1,강원도,0.2
2022,1,경상북도,0.05
2022,1,경상북도,0.08
2022,1,강원도,0.8
2022,1,전라남도,0.1
2022,1,경상북도,0.2
2022,1,충청남도,0.3
2021,12,경상북도,0.5
2021,12,충청북도,0.4
2021,12,경상남도,0.5
2021,12,전라남도,0.03
2021,12,전라남도,0.1
2021,12,경상북도,0.23
2021,12,강원도,1.5
2021,12,전라북도,0.2
2021,12,전라남도,10
2021,12,경상북도,0.04
2021,12,경상북도,1
2021,12,경상북도,0.01
2021,12,전라남도,0.01
2021,12,충청남도,0.01
2021,12,강원도,0.01
2021,12,경상남도,0.1
2021,12,경상남도,0.06
2021,12,경상남도,0.01
2021,12,경상북도,0.1
2021,12,경상남도,0.01
2021,12,경기도,0.06
2021,12,경상남도,0.04
2021,12,경기도,0.1
2021,12,경상남도,0.03
2021,11,경상남도,0.5
2021,11,강원도,0.25
2021,11,전라남도,0.01
2021,11,전라북도,0.02
2021,11,전라북도,0.01
2021,11,경상남도,0.01
2021,11,경상북도,2
2021,11,경상북도,0.04
2021,11,경상북도,0.02
2021,11,경상남도,0.01
2021,11,충청남도,0.1
2021,11,경기도,1
2021,11,경기도,1.5
2021,11,경상북도,0.04
2021,11,전라남도,0.01
2021,11,경상북도,0.05
2021,11,경상남도,0.01
2021,11,경기도,0.06
2021,11,경기도,0.25
2021,11,강원도,1.27
2021,11,경상북도,0.06
2021,11,경기도,0.01
2021,11,전라남도,0.03
2021,11,충청남도,0.02
2021,9,경기도,0.16
2021,8,충청남도,5
2021,8,충청남도,0.09
2021,8,경기도,0.82
2021,8,강원도,0.01
2021,8,충청남도,0.02
2021,8,충청남도,0.01
2021,7,경상북도,0.01
2021,7,강원도,0.1
2021,7,경기도,0.01
2021,7,전라남도,0.1
2021,7,충청북도,0.01
2021,7,경상북도,0.01
2021,7,경상북도,0.1
2021,6,강원도,0.04
2021,6,강원도,0.01
2021,6,강원도,0.01
2021,5,전라남도,0.05
2021,5,경상북도,0.13
2021,5,강원도,0.1
2021,5,전라남도,0.01
2021,5,강원도,0.84
2021,5,경기도,0.3
2021,5,전라북도,0.05
2021,5,충청북도,0.01
2021,5,강원도,0.01
2021,5,강원도,0.03
2021,5,강원도,0.2
2021,5,전라남도,0.02
2021,5,경상북도,1.4
2021,5,충청남도,0.2
2021,5,강원도,0.01
2021,5,강원도,1.23
2021,5,강원도,0.01
2021,5,강원도,0.2
2021,5,경기도,0.01
2021,5,경기도,0.01
2021,4,경상북도,0.03
2021,4,전라남도,0.3
2021,4,충청북도,0.5
2021,4,강원도,0.01
2021,4,전라북도,10
2021,4,전라북도,0.05
2021,4,강원도,0.01
2021,4,경상남도,0.04
2021,4,강원도,0.17
2021,4,전라북도,0.1
2021,4,경상북도,0.06
2021,4,경상남도,0.1
2021,4,경상남도,0.3
2021,4,전라남도,0.01
2021,4,전라북도,0.01
2021,4,충청북도,0.03
2021,4,경기도,0.03
2021,4,강원도,1.5
2021,4,전라북도,0.01
2021,4,강원도,0.01
2021,4,경기도,0.3
2021,4,충청남도,0.05
2021,4,경상북도,0.01
2021,4,경상북도,0.13
2021,4,경상북도,0.1
2021,4,전라남도,0.15
2021,4,경상북도,2
2021,4,전라남도,1.5
2021,4,전라북도,0.1
2021,4,경상남도,0.03
2021,4,충청남도,0.01
2021,4,경기도,0.06
2021,4,충청남도,0.3
2021,4,경상남도,0.1
2021,4,강원도,0.02
2021,4,경상북도,0.1
2021,4,충청남도,0.03
2021,4,강원도,1
2021,4,경기도,0.01
2021,4,전라남도,0.1
2021,4,경상북도,0.03
2021,4,강원도,0.66
2021,4,전라북도,0.3
2021,4,경상북도,0.2
2021,4,강원도,1.48
2021,4,경기도,0.33
2021,4,경상남도,0.08
2021,4,경상남도,0.01
2021,4,경기도,0.02
2021,4,충청남도,0.5
2021,4,전라남도,0.2
2021,4,강원도,0.01
2021,4,경기도,0.03
2021,4,강원도,0.01
2021,4,경상북도,0.74
2021,4,전라남도,0.2
2021,4,경상북도,0.5
2021,4,경기도,0.03
2021,4,경상북도,0.03
2021,4,충청남도,0.01
2021,4,경기도,0.01
2021,4,충청남도,0.1
2021,4,충청남도,0.01
2021,4,전라북도,0.03
2021,4,전라남도,1.4
2021,4,경상북도,0.05
2021,4,전라북도,1
2021,4,경상북도,0.5
2021,4,충청남도,0.03
2021,4,전라북도,0.5
2021,4,경기도,0.06
2021,4,전라남도,0.15
2021,4,전라남도,0.1
2021,4,충청남도,0.02
2021,4,경기도,0.01
2021,4,전라남도,0.02
2021,4,경기도,0.01
2021,4,경상남도,0.01
2021,4,경상북도,0.06
2021,4,경기도,0.01
2021,4,경상북도,0.5
2021,4,경상북도,0.15
2021,4,경기도,0.2
2021,4,전라북도,0.02
2021,4,충청북도,0.01
2021,4,경상남도,0.02
2021,4,경기도,0.66
2021,4,경기도,0.1
2021,4,경기도,0.1
2021,4,경기도,0.02
2021,4,경기도,0.4
2021,4,경기도,0.01
2021,4,충청남도,0.01
2021,4,충청남도,0.1
2021,3,강원도,0.5
2021,3,강원도,10.7
2021,3,경상북도,0.1
2021,3,강원도,1.28
2021,3,경상북도,0.1
2021,3,경기도,0.03
2021,3,경상북도,0.01
2021,3,경상북도,0.6
2021,3,경기도,0.01
2021,3,충청남도,0.33
2021,3,전라남도,0.1
2021,3,경상남도,1
2021,3,경기도,0.1
2021,3,경상남도,0.1
2021,3,전라북도,0.1
2021,3,전라북도,2
2021,3,경상북도,0.01
2021,3,경기도,0.05
2021,3,강원도,20
2021,3,경상북도,0.2
2021,3,충청북도,0.4
2021,3,전라북도,0.1
2021,3,경상남도,0.03
2021,3,경상북도,0.3
2021,3,경기도,0.04
2021,3,경기도,0.2
2021,3,경기도,0.7
2021,3,경상북도,0.03
2021,3,경기도,0.05
2021,3,충청남도,0.2
2021,3,전라북도,0.03
2021,3,경기도,0.06
2021,3,경기도,0.2
2021,3,경기도,0.03
2021,3,전라북도,0.13
2021,3,경기도,0.3
2021,3,경기도,0.4
2021,3,경기도,0.01
2021,3,강원도,4.42
2021,3,전라남도,0.01
2021,3,경상남도,0.3
2021,3,경기도,0.5
2021,3,전라북도,0.05
2021,3,경기도,0.01
2021,2,경상북도,0.02
2021,2,경기도,0.05
2021,2,경기도,0.1
2021,2,경기도,0.16
2021,2,경기도,0.1
2021,2,충청남도,0.6
2021,2,경기도,0.06
2021,2,경기도,0.1
2021,2,경기도,1.5
2021,2,강원도,0.1
2021,2,경기도,0.17
2021,2,경기도,0.05
2021,2,경기도,0.06
2021,2,경기도,0.03
2021,2,경기도,0.03
2021,2,경상북도,0.05
2021,2,충청남도,0.03
2021,2,충청남도,0.03
2021,2,충청남도,0.03
2021,2,경상북도,0.02
2021,2,경기도,0.01
2021,2,경기도,0.66
2021,2,경기도,0.03
2021,2,전라남도,0.01
2021,2,경기도,0.01
2021,2,경상북도,0.1
2021,2,경상북도,0.16
2021,2,강원도,0.1
2021,2,경상북도,0.24
2021,2,충청남도,34.13
2021,2,경상남도,0.1
2021,2,경상북도,112
2021,2,충청북도,74.9
2021,2,전라북도,0.1
2021,2,경상북도,307
2021,2,경상남도,49.15
2021,2,전라남도,0.1
2021,2,경상남도,0.5
2021,2,경상북도,0.02
2021,2,충청남도,0.01
2021,2,강원도,24.56
2021,2,강원도,0.5
2021,2,전라남도,0.1
2021,2,강원도,3.62
2021,2,강원도,0.4
2021,2,경상남도,0.01
2021,2,강원도,2.7
2021,2,경상북도,0.04
2021,2,경기도,0.08
2021,2,경상북도,0.01
2021,2,경기도,0.06
2021,2,전라남도,0.1
2021,2,경기도,0.09
2021,2,전라남도,0.1
2021,2,전라북도,0.8
2021,2,경기도,0.02
2021,2,경기도,0.06
2021,2,전라남도,0.01
2021,2,경상남도,0.02
2021,2,경기도,0.02
2021,2,경상북도,0.1
2021,2,경기도,0.02
2021,2,경상북도,0.1
2021,2,강원도,0.01
2021,2,전라남도,3
2021,2,경상북도,0.26
2021,2,경상남도,0.01
2021,2,경상북도,0.05
2021,2,경상남도,0.05
2021,2,경상북도,0.03
2021,2,강원도,3.7
2021,2,전라남도,0.01
2021,2,경기도,0.17
2021,2,경상북도,0.1
2021,2,경상북도,0.08
2021,2,경상남도,0.01
2021,2,경상북도,0.01
2021,2,경상북도,0.01
2021,2,경상남도,0.01
2021,2,강원도,2.02
2021,2,경상남도,0.01
2021,2,경상남도,0.05
2021,1,경상남도,0.01
2021,1,경상북도,1
2021,1,경상남도,0.01
2021,1,경상남도,0.1
2021,1,경상남도,0.01
2021,1,강원도,0.7
2021,1,경기도,0.03
2021,1,강원도,0.09
2021,1,경상북도,0.02
2021,1,경상북도,1.5
2021,1,경기도,0.03
2021,1,강원도,1
2021,1,경상북도,0.05
2021,1,경상북도,0.2
2021,1,경상북도,0.4
2021,1,경기도,0.03
2021,1,경상북도,0.3
2021,1,경상북도,0.1
2021,1,강원도,0.21
2021,1,경기도,0.03
2021,1,경상남도,0.01
2021,1,경상북도,4
2021,1,경상북도,0.2
2021,1,경기도,0.03
2021,1,경상남도,0.3
2021,1,강원도,0.15
2021,1,경상북도,0.05
2021,1,경상북도,0.2
2021,1,경상남도,0.01
2021,1,경상북도,0.2
2021,1,경기도,0.02
2021,1,경기도,0.01
2021,1,경상북도,10.24
2021,1,경상북도,0.28
2021,1,경기도,0.05
2021,1,경상북도,0.4
2021,1,경상남도,3
2021,1,경상남도,0.05
2021,1,경기도,0.03
2021,1,경상북도,0.2
2021,1,경기도,0.01
2021,1,경기도,0.03
2021,1,경기도,0.07
2021,1,경기도,0.3
2020,12,경기도,0.01
2020,12,경기도,0.06
2020,12,충청남도,0.03
2020,12,경기도,0.03
2020,12,전라남도,0.05
2020,12,강원도,0.3
2020,12,충청남도,0.05
2020,12,경기도,0.01
2020,12,경기도,0.05
2020,12,경상북도,3
2020,12,경상북도,0.05
2020,12,경상남도,0.01
2020,12,경기도,0.06
2020,12,경기도,0.06
2020,12,경상북도,0.08
2020,12,전라북도,0.01
2020,12,경기도,0.15
2020,12,경기도,0.01
2020,12,경상남도,0.03
2020,12,경상남도,0.01
2020,12,충청남도,0.04
2020,12,경상북도,0.73
2020,12,경상북도,0.1
2020,12,경상북도,0.1
2020,12,경상북도,0.12
2020,12,경상북도,0.5
2020,12,경상남도,0.51
2020,12,경상북도,0.02
2020,12,경상남도,0.01
2020,12,경기도,0.01
2020,12,강원도,0.04
2020,12,강원도,0.05
2020,12,강원도,0.5
2020,12,경기도,0.01
2020,12,경기도,0.01
2020,12,경상북도,0.1
2020,12,경상남도,0.12
2020,12,경기도,0.01
2020,12,강원도,0.02
2020,12,경상북도,0.02
2020,12,경상북도,0.01
2020,12,경상북도,0.03
2020,12,전라남도,0.05
2020,12,경상북도,0.03
2020,12,전라남도,2
2020,12,강원도,0.1
2020,11,경상북도,0.1
2020,11,경상남도,0.06
2020,11,경기도,0.01
2020,11,경기도,0.01
2020,11,경상북도,0.03
2020,11,강원도,0.1
2020,11,경상북도,0.75
2020,11,경상북도,0.2
2020,11,전라북도,0.01
2020,11,경기도,0.07
2020,11,경상북도,0.3
2020,11,경기도,0.06
2020,11,경기도,0.06
2020,11,경상남도,0.06
2020,11,경기도,0.26
2020,11,경상북도,0.38
2020,11,경상남도,0.14
2020,11,경상남도,0.3
2020,11,경상북도,0.01
2020,11,전라북도,0.01
2020,11,경상북도,0.1
2020,11,경기도,3
2020,11,경상북도,0.03
2020,11,경상북도,0.02
2020,11,경상남도,0.01
2020,11,경상북도,1.05
2020,11,경기도,0.18
2020,11,충청북도,0.05
2020,11,제주,0.06
2020,11,경기도,0.05
2020,11,경기도,0.1
2020,11,경기도,0.03
2020,11,경상남도,0.22
2020,11,경상남도,0.05
2020,11,경기도,1.4
2020,11,경기도,0.5
2020,11,경기도,0.03
2020,11,충청북도,0.01
2020,11,경상북도,0.07
2020,11,강원도,0.11
2020,11,경기도,0.03
2020,11,경상북도,2.6
2020,11,충청남도,0.03
2020,11,경기도,0.03
2020,11,강원도,0.01
2020,11,경기도,0.06
2020,10,경기도,0.05
2020,10,경기도,0.06
2020,10,충청남도,0.03
2020,10,경상북도,0.03
2020,10,경상북도,0.01
2020,10,경기도,0.04
2020,10,강원도,0.1
2020,10,경기도,0.5
2020,10,경기도,0.1
2020,10,강원도,0.4
2020,10,경상북도,0.1
2020,10,경기도,0.03
2020,10,경기도,0.1
2020,10,경상북도,0.1
2020,10,강원도,1.2
2020,10,경상북도,0.62
2020,10,경상남도,0.01
2020,10,경기도,0.4
2020,10,충청남도,0.06
2020,10,강원도,0.01
2020,10,충청남도,0.03
2020,10,경기도,0.01
2020,10,경상남도,0.01
2020,10,전라북도,0.01
2020,10,전라북도,0.01
2020,10,경상남도,0.01
2020,10,강원도,0.01
2020,10,경상북도,0.01
2020,10,강원도,0.01
2020,10,경상남도,0.06
2020,10,강원도,0.05
2020,10,경기도,0.16
2020,10,경기도,0.01
2020,10,경상남도,0.1
2020,10,강원도,0.01
2020,9,경상북도,0.15
2020,9,전라남도,0.01
2020,8,경상북도,0.1
2020,6,경기도,0.01
2020,6,강원도,0.15
2020,6,경기도,0.01
2020,6,경기도,0.07
2020,6,경기도,0.06
2020,6,경기도,0.01
2020,6,경기도,0.02
2020,6,경기도,0.01
2020,6,경기도,0.02
2020,6,강원도,0.4
2020,6,경상북도,0.01
2020,6,경기도,0.1
2020,6,경기도,0.01
2020,6,경상남도,2
2020,6,경기도,0.04
2020,6,경상남도,0.01
2020,6,경상남도,0.02
2020,6,강원도,0.1
2020,6,경상남도,0.01
2020,6,경기도,0.02
2020,6,경상남도,0.01
2020,6,충청남도,0.01
2020,6,경상남도,0.01
2020,6,경상북도,0.16
2020,6,경상남도,0.04
2020,6,경상북도,0.2
2020,6,경상북도,0.05
2020,6,경상남도,0.1
2020,6,경상북도,0.01
2020,6,경상북도,0.06
2020,6,경상북도,0.12
2020,6,경상북도,0.02
2020,6,경상북도,0.03
2020,6,경상북도,0.07
2020,6,경상북도,0.01
2020,6,경상남도,0.05
2020,6,경상남도,0.2
2020,6,경상북도,0.21
2020,5,경상북도,0.01
2020,5,경상북도,0.02
2020,5,경상북도,0.01
2020,5,경상북도,0.1
2020,5,전라남도,0.02
2020,5,경상남도,0.02
2020,5,경상북도,0.1
2020,5,경상북도,0.01
2020,5,강원도,0.8
2020,5,강원도,0.16
2020,5,강원도,0.03
2020,5,경기도,0.1
2020,5,경기도,0.1
2020,5,경기도,0.01
2020,5,경기도,0.33
2020,5,경기도,0.02
2020,5,경기도,0.03
2020,5,강원도,0.06
2020,5,경기도,0.01
2020,5,경상북도,2
2020,5,강원도,123.2
2020,5,강원도,0.01
2020,5,강원도,0.2
2020,5,경기도,0.01
2020,5,충청남도,0.01
2020,5,경상북도,3.77
2020,4,충청북도,0.97
2020,4,경상북도,0.02
2020,4,강원도,0.01
2020,4,경기도,0.59
2020,4,경기도,0.1
2020,4,경상북도,0.1
2020,4,경기도,0.12
2020,4,경기도,0.01
2020,4,강원도,0.2
2020,4,경상남도,0.06
2020,4,경기도,0.2
2020,4,경기도,0.05
2020,4,경기도,0.01
2020,4,경기도,0.03
2020,4,경상북도,0.01
2020,4,경기도,0.05
2020,4,전라남도,0.3
2020,4,경기도,0.1
2020,4,경기도,0.02
2020,4,경기도,0.1
2020,4,강원도,0.02
2020,4,충청남도,0.1
2020,4,경기도,0.33
2020,4,경기도,0.01
2020,4,강원도,0.01
2020,4,경기도,0.5
2020,4,충청북도,0.5
2020,4,전라남도,0.4
2020,4,제주,1.82
2020,4,경상남도,0.2
2020,4,전라남도,0.4
2020,4,충청남도,0.05
2020,4,충청남도,0.1
2020,4,전라북도,0.05
2020,4,경상남도,0.01
2020,4,경상북도,0.16
2020,4,경상북도,1944
2020,4,강원도,1
2020,4,충청북도,1.7
2020,4,강원도,0.6
2020,4,충청남도,0.1
2020,4,충청남도,0.13
2020,4,강원도,0.2
2020,4,강원도,0.3
2020,4,전라남도,0.02
2020,4,경기도,0.01
2020,4,충청남도,0.03
2020,4,경기도,0.01
2020,4,경기도,0.01
2020,4,경상북도,0.2
2020,4,경상북도,0.1
2020,4,충청북도,0.5
2020,4,경상북도,0.3
2020,4,경상북도,0.03
2020,4,강원도,0.01
2020,4,경기도,0.15
2020,4,경상북도,0.01
2020,4,경기도,0.03
2020,4,전라남도,0.03
2020,4,경기도,0.01
2020,4,충청북도,0.02
2020,4,전라남도,0.01
2020,4,경상북도,0.01
2020,4,경기도,0.1
2020,4,경기도,0.02
2020,4,경상북도,0.5
2020,4,경상북도,0.04
2020,4,강원도,0.2
2020,4,경기도,0.1
2020,4,경상북도,0.05
2020,4,강원도,19
2020,4,경기도,0.01
2020,4,경기도,0.07
2020,4,경기도,0.13
2020,4,경기도,3.56
2020,4,경기도,0.7
2020,4,경기도,0.5
2020,4,전라남도,0.01
2020,4,충청북도,0.02
2020,4,경상북도,0.5
2020,4,전라북도,0.05
2020,4,강원도,0.09
2020,4,충청남도,0.01
2020,4,충청남도,0.01
2020,4,경기도,2.75
2020,4,경기도,0.01
2020,4,강원도,1.3
2020,4,경기도,0.1
2020,4,경기도,0.05
2020,4,충청남도,1.2
2020,4,경기도,0.06
2020,4,경기도,0.06
2020,4,경기도,0.02
2020,4,경기도,0.03
2020,4,경기도,0.06
2020,4,강원도,0.01
2020,4,경기도,0.3
2020,4,경기도,0.02
2020,4,강원도,0.3
2020,4,강원도,0.5
2020,4,경기도,0.09
2020,4,경기도,0.01
2020,4,전라남도,0.01
2020,4,경기도,0.7
2020,4,경기도,1
2020,4,경기도,0.64
2020,4,전라북도,1
2020,4,경상북도,0.1
2020,4,전라남도,0.02
2020,4,경상북도,0.33
2020,4,경상북도,0.01
2020,4,경상북도,0.2
2020,4,경상북도,0.1
2020,4,전라북도,0.01
2020,4,경상남도,0.01
2020,4,경기도,0.5
2020,4,경기도,0.1
2020,4,강원도,1.5
2020,4,경상남도,20
2020,4,경상북도,0.1
2020,4,충청남도,0.1
2020,4,경기도,0.13
2020,4,강원도,11.91
2020,4,경상북도,48.2
2020,4,경기도,0.09
2020,4,경기도,1
2020,4,경기도,0.03
2020,4,전라남도,0.3
2020,4,경상북도,0.01
2020,4,경기도,0.06
2020,4,경기도,0.1
2020,4,경상북도,0.1
2020,4,경상남도,0.2
2020,4,경상북도,0.3
2020,4,경상남도,0.01
2020,4,충청남도,0.3
2020,4,경기도,0.03
2020,4,경상북도,0.1
2020,4,전라남도,0.5
2020,4,경상북도,0.1
2020,4,경상북도,0.02
2020,4,전라북도,0.01
2020,4,경기도,0.01
2020,4,충청북도,0.03
2020,4,전라남도,0.05
2020,4,경기도,0.1
2020,4,경기도,2.7
2020,4,경기도,0.2
2020,4,경기도,0.2
2020,4,경기도,0.09
2020,4,경기도,0.05
2020,4,경상남도,0.05
2020,4,경상북도,0.1
2020,4,강원도,0.3
2020,4,경기도,6.2
2020,4,경상남도,0.06
2020,4,경상북도,1.7
2020,4,경기도,1
2020,4,경상남도,0.05
2020,4,경기도,0.06
2020,4,강원도,0.08
2020,4,강원도,0.5
2020,4,경기도,0.03
2020,4,전라남도,0.02
2020,4,강원도,0.1
2020,4,경상북도,0.2
2020,4,경상북도,0.01
2020,4,경기도,0.11
2020,4,경상북도,0.03
2020,4,경기도,0.01
2020,4,강원도,0.05
2020,4,경기도,0.46
2020,4,경상남도,0.04
2020,4,경기도,1.65
2020,4,충청남도,0.2
2020,4,전라남도,0.5
2020,4,경상북도,0.44
2020,4,경기도,0.17
2020,4,경기도,0.66
2020,4,경기도,1
2020,4,경기도,0.3
2020,4,경기도,3.75
2020,4,강원도,0.05
2020,4,경기도,0.3
2020,3,강원도,2.11
2020,3,경기도,0.03
2020,3,경기도,0.05
2020,3,경기도,1
2020,3,경기도,0.54
2020,3,경기도,0.28
2020,3,경기도,0.03
2020,3,경기도,0.1
2020,3,경기도,0.04
2020,3,경기도,0.08
2020,3,경기도,0.01
2020,3,경기도,0.02
2020,3,강원도,9.85
2020,3,강원도,0.8
2020,3,경기도,0.33
2020,3,충청남도,0.28
2020,3,경상북도,0.1
2020,3,경상북도,0.05
2020,3,경상남도,0.05
2020,3,강원도,1.4
2020,3,경상북도,0.3
2020,3,경기도,0.05
2020,3,경기도,0.05
2020,3,경기도,0.02
2020,3,경기도,0.06
2020,3,경상북도,13.2
2020,3,경상북도,1
2020,3,전라남도,0.01
2020,3,경기도,0.1
2020,3,경기도,0.5
2020,3,경기도,0.01
2020,3,경기도,0.01
2020,3,전라남도,0.3
2020,3,전라남도,0.01
2020,3,경상북도,0.1
2020,3,경상북도,0.3
2020,3,경기도,0.03
2020,3,경기도,0.5
2020,3,경기도,0.05
2020,3,전라북도,0.5
2020,3,경상북도,0.05
2020,3,경상북도,0.02
2020,3,경상남도,0.05
2020,3,경상북도,0.4
2020,3,경상남도,0.01
2020,3,경상북도,0.07
2020,3,전라남도,0.3
2020,3,경기도,0.16
2020,3,경기도,0.01
2020,3,경기도,1
2020,3,경상북도,10.59
2020,3,전라북도,0.01
2020,3,경기도,0.06
2020,3,경상남도,0.01
2020,3,경기도,0.3
2020,3,충청남도,0.01
2020,3,경기도,0.3
2020,3,경기도,0.02
2020,3,경기도,0.2
2020,3,경상북도,18.3
2020,3,경기도,0.1
2020,3,전라북도,0.5
2020,3,경상북도,0.1
2020,3,경기도,0.04
2020,3,충청남도,0.05
2020,3,경기도,0.11
2020,3,강원도,0.05
2020,3,경상북도,0.1
2020,3,경기도,0.01
2020,3,경기도,0.1
2020,3,충청북도,0.05
2020,3,전라남도,0.03
2020,3,경기도,0.17
2020,3,충청남도,0.2
2020,3,경상북도,0.1
2020,3,경상북도,0.03
2020,3,전라북도,0.2
2020,3,경상남도,0.01
2020,3,전라북도,0.01
2020,3,충청남도,0.1
2020,3,경기도,0.02
2020,3,경상북도,0.05
2020,3,충청남도,0.1
2020,3,충청남도,0.2
2020,3,경기도,2.68
2020,3,충청남도,0.07
2020,3,경상북도,0.02
2020,3,경상남도,0.01
2020,3,경상북도,0.5
2020,3,전라남도,0.5
2020,3,경상남도,0.02
2020,3,전라남도,0.1
2020,3,경기도,0.16
2020,3,전라남도,0.3
2020,3,전라북도,0.2
2020,3,경기도,1
2020,3,경상북도,519
2020,3,경상북도,0.2
2020,3,강원도,2.2
2020,3,경상북도,0.14
2020,3,경상남도,0.5
2020,3,경기도,0.01
2020,3,경상북도,0.09
2020,3,강원도,0.7
2020,3,경기도,0.4
2020,3,전라남도,0.8
2020,3,경기도,0.03
2020,3,경상북도,0.01
2020,3,경상남도,0.02
2020,3,전라북도,0.05
2020,3,전라남도,0.03
2020,3,충청남도,0.1
2020,3,경상북도,0.03
2020,3,경기도,0.15
2020,3,경상남도,0.01
2020,3,경상남도,0.1
2020,3,경상북도,0.03
2020,3,경기도,0.08
2020,3,충청남도,0.08
2020,3,경기도,0.07
2020,3,전라남도,0.1
2020,3,경기도,0.8
2020,3,충청남도,0.03
2020,3,경기도,0.9
2020,3,경상북도,0.2
2020,3,경기도,7
2020,3,강원도,0.04
2020,3,강원도,0.43
2020,3,전라북도,0.1
2020,3,경기도,0.04
2020,3,경기도,0.1
2020,3,경상북도,0.01
2020,3,경상북도,0.03
2020,3,경기도,0.04
2020,3,경상북도,0.2
2020,3,경기도,0.03
2020,3,경상북도,0.27
2020,3,경상남도,0.08
2020,3,충청남도,0.03
2020,3,전라북도,0.02
2020,3,경기도,0.03
2020,3,전라남도,0.2
2020,3,충청남도,0.03
2020,3,충청남도,0.03
2020,3,경기도,0.01
2020,3,경기도,0.01
2020,3,경기도,0.1
2020,3,강원도,0.1
2020,3,경상북도,0.01
2020,3,경기도,0.09
2020,3,충청남도,0.1
2020,3,강원도,0.67
2020,3,강원도,0.05
2020,3,경기도,0.15
2020,3,경기도,0.02
2020,3,경기도,0.14
2020,3,경상북도,0.01
2020,3,전라남도,0.01
2020,3,경상북도,0.01
2020,3,경상남도,0.66
2020,3,경기도,0.2
2020,3,경상북도,0.02
2020,3,경상북도,0.06
2020,3,경기도,0.01
2020,3,경기도,0.03
2020,3,경상북도,1.35
2020,3,경상북도,0.07
2020,3,경기도,0.15
2020,3,경기도,0.07
2020,3,충청남도,0.2
2020,3,경상남도,0.01
2020,2,경기도,0.01
2020,2,경기도,0.01
2020,2,강원도,0.1
2020,2,경상북도,0.1
2020,2,경상남도,0.02
2020,2,충청북도,0.01
2020,2,경상북도,0.05
2020,2,경상북도,0.01
2020,2,경상북도,0.18
2020,2,전라북도,0.04
2020,2,경상북도,0.15
2020,2,경기도,0.06
2020,2,경기도,0.2
2020,2,충청남도,0.05
2020,2,경기도,0.03
2020,2,경상북도,0.08
2020,2,경기도,0.1
2020,2,경기도,0.01
2020,2,충청남도,0.06
2020,2,충청남도,0.03
2020,2,경기도,0.01
2020,2,경상북도,0.03
2020,2,경상북도,0.01
2020,2,강원도,0.4
2020,2,경상남도,0.03
2020,2,전라북도,0.05
2020,2,충청북도,0.01
2020,2,경상남도,0.01
2020,2,경기도,0.03
2020,2,경기도,0.01
2020,2,강원도,0.03
2020,2,강원도,0.03
2020,2,경상남도,0.01
2020,2,경기도,0.09
2020,2,전라남도,0.2
2020,2,경기도,0.2
2020,2,전라북도,0.05
2020,2,경기도,0.06
2020,2,충청북도,0.1
2020,2,경상북도,0.02
2020,2,경상북도,0.1
2020,2,경기도,0.03
2020,1,강원도,0.01
2020,1,충청남도,0.02
2020,1,경기도,0.03
2020,1,경기도,0.07
2020,1,경기도,0.02
2020,1,경상북도,0.06
2020,1,경기도,0.16
2020,1,충청남도,0.7
2020,1,경기도,0.01
2020,1,경기도,0.05
2020,1,경기도,0.15
2020,1,강원도,0.1
2020,1,경기도,0.01
2020,1,경상북도,0.01
2020,1,경상남도,0.01
2020,1,경기도,0.05
2020,1,경기도,0.03
2020,1,전라북도,0.05
2020,1,경기도,0.01
2020,1,경기도,0.17
2020,1,전라남도,0.05
2020,1,강원도,0.02
2020,1,경기도,0.03
2020,1,전라남도,0.05
2020,1,전라남도,0.5
2020,1,강원도,0.04
2020,1,강원도,34.26
2020,1,강원도,0.7
2020,1,강원도,0.02
2019,12,강원도,0.1
2019,12,강원도,0.5
2019,12,경기도,0.01
2019,12,경기도,0.33
2019,12,경상북도,1
2019,12,경상남도,0.04
2019,12,경상남도,0.05
2019,12,강원도,0.01
2019,12,전라남도,0.16
2019,12,경상북도,0.12
2019,12,충청남도,0.01
2019,12,전라북도,0.02
2019,12,강원도,0.04
2019,12,충청북도,0.25
2019,12,경상남도,0.01
2019,12,충청남도,0.01
2019,12,충청남도,0.01
2019,12,경상남도,0.01
2019,12,전라북도,0.01
2019,12,경상북도,0.1
2019,12,경상북도,0.35
2019,12,강원도,2
2019,12,강원도,0.05
2019,12,충청남도,0.11
2019,12,경상북도,0.02
2019,12,강원도,0.5
2019,12,전라남도,0.01
2019,12,강원도,0.27
2019,12,강원도,0.1
2019,12,경기도,0.01
2019,11,경상북도,0.05
2019,11,전라북도,0.01
2019,11,경기도,0.01
2019,11,경기도,0.1
2019,11,경기도,0.09
2019,11,경상남도,0.01
2019,11,경상남도,0.15
2019,11,경상남도,0.01
2019,11,경기도,0.01
2019,11,강원도,0.01
2019,11,경상북도,0.1
2019,11,경상남도,0.01
2019,11,충청남도,0.02
2019,11,전라남도,0.2
2019,11,경기도,0.01
2019,11,전라북도,0.01
2019,11,충청남도,0.5
2019,11,경상남도,0.01
2019,11,경기도,0.25
2019,10,경상북도,0.03
2019,10,경상북도,0.1
2019,10,경상남도,0.01
2019,10,경기도,0.01
2019,10,경기도,0.03
2019,10,충청남도,0.05
2019,10,경기도,0.03
2019,10,경상북도,0.05
2019,10,경기도,0.01
2019,9,경기도,0.16
2019,9,충청남도,0.02
2019,8,경기도,0.01
2019,8,강원도,0.08
2019,8,강원도,0.22
2019,8,충청남도,0.02
2019,7,강원도,0.6
2019,7,경기도,0.2
2019,7,강원도,0.01
2019,7,경기도,0.03
2019,7,경기도,0.03
2019,7,강원도,0.1
2019,7,강원도,0.07
2019,7,경기도,0.02
2019,7,충청남도,0.05
2019,7,충청남도,0.18
2019,7,전라북도,0.1
2019,7,충청남도,0.01
2019,7,충청남도,0.25
2019,7,충청남도,0.03
2019,7,경기도,0.1
2019,6,경기도,0.09
2019,6,경상북도,0.01
2019,6,경상북도,0.03
2019,6,경상북도,0.76
2019,6,경기도,0.04
2019,6,경상북도,0.18
2019,6,경상북도,0.02
2019,6,전라북도,1.2
2019,6,경상북도,0.5
2019,6,강원도,0.2
2019,6,경기도,0.01
2019,6,경기도,0.03
2019,6,경상북도,0.01
2019,6,경기도,0.1
2019,6,충청남도,0.03
2019,5,경상북도,1.07
2019,5,경기도,0.1
2019,5,경상북도,0.01
2019,5,경기도,0.02
2019,5,경상북도,4.7
2019,5,경기도,0.01
2019,5,충청남도,0.03
2019,5,전라북도,0.3
2019,5,경상북도,0.2
2019,5,강원도,0.1
2019,5,경기도,0.05
2019,5,경상북도,1
2019,5,강원도,0.1
2019,5,경상북도,0.1
2019,5,경기도,0.5
2019,5,경상북도,0.01
2019,5,강원도,0.01
2019,5,경기도,0.01
2019,5,경기도,0.1
2019,5,경기도,0.04
2019,5,경상북도,0.03
2019,5,경상북도,0.01
2019,5,경기도,0.01
2019,5,강원도,0.02
2019,5,전라남도,0.2
2019,5,경상북도,0.2
2019,5,경기도,0.01
2019,5,충청남도,0.05
2019,5,경상북도,0.03
2019,5,경기도,0.15
2019,5,경상북도,0.01
2019,5,경상북도,0.3
2019,5,경상남도,0.05
2019,5,경기도,0.01
2019,5,경기도,0.02
2019,5,충청남도,0.03
2019,5,경상남도,0.1
2019,5,경기도,0.08
2019,5,경기도,0.01
2019,5,충청북도,0.2
2019,5,전라남도,0.01
2019,5,강원도,0.1
2019,5,경상북도,0.01
2019,5,충청남도,0.05
2019,5,경상남도,0.01
2019,5,경상북도,0.1
2019,5,강원도,0.28
2019,5,경기도,0.2
2019,5,경기도,0.02
2019,5,강원도,0.1
2019,5,경기도,2
2019,5,경상북도,0.01
2019,5,전라남도,0.05
2019,5,경기도,0.01
2019,5,경상북도,0.01
2019,5,경기도,0.06
2019,5,경기도,0.09
2019,5,경상북도,0.1
2019,5,전라북도,0.3
2019,5,경기도,0.06
2019,5,경상북도,0.03
2019,5,강원도,0.54
2019,5,경기도,0.4
2019,5,경상북도,0.02
2019,5,경기도,0.01
2019,5,충청남도,0.06
2019,5,충청북도,0.2
2019,5,경기도,0.01
2019,5,경기도,0.01
2019,5,경상북도,0.03
2019,5,경기도,0.09
2019,5,경기도,0.01
2019,5,경기도,1.5
2019,5,강원도,1.9
2019,5,경기도,1
2019,5,강원도,2
2019,5,경기도,0.09
2019,5,강원도,0.1
2019,5,충청북도,0.5
2019,5,전라북도,0.01
2019,5,강원도,0.02
2019,5,전라남도,0.05
2019,5,경상남도,0.05
2019,5,충청남도,0.2
2019,5,경기도,0.15
2019,5,전라북도,0.01
2019,5,충청남도,0.03
2019,5,경상남도,0.02
2019,5,강원도,5.2
2019,5,강원도,0.15
2019,5,강원도,0.05
2019,5,경기도,0.01
2019,5,경기도,0.16
2019,5,강원도,0.05
2019,5,경기도,0.5
2019,5,경상북도,0.01
2019,5,강원도,0.02
2019,5,강원도,0.2
2019,5,경기도,0.01
2019,4,경기도,0.01
2019,4,경상남도,0.01
2019,4,경상북도,0.01
2019,4,경기도,0.02
2019,4,충청북도,0.01
2019,4,경기도,0.02
2019,4,충청북도,0.3
2019,4,경기도,0.04
2019,4,강원도,0.26
2019,4,충청남도,0.01
2019,4,경상북도,2.53
2019,4,경기도,0.3
2019,4,충청북도,0.5
2019,4,전라북도,0.01
2019,4,전라북도,0.1
2019,4,충청남도,0.03
2019,4,경기도,0.06
2019,4,강원도,0.03
2019,4,경상북도,0.01
2019,4,경기도,0.06
2019,4,충청남도,0.03
2019,4,경기도,0.01
2019,4,충청남도,0.05
2019,4,경기도,0.03
2019,4,경상남도,0.02
2019,4,경상북도,0.1
2019,4,충청남도,0.1
2019,4,경상북도,0.1
2019,4,경상북도,0.05
2019,4,경기도,0.09
2019,4,경기도,0.12
2019,4,경기도,2
2019,4,강원도,0.2
2019,4,경기도,0.02
2019,4,경상북도,0.1
2019,4,경기도,0.02
2019,4,경기도,0.1
2019,4,충청남도,0.05
2019,4,경상남도,0.01
2019,4,강원도,0.08
2019,4,충청남도,1.5
2019,4,경기도,0.04
2019,4,경상남도,0.03
2019,4,강원도,0.09
2019,4,경상북도,1.2
2019,4,경기도,0.01
2019,4,경상북도,0.15
2019,4,충청북도,0.1
2019,4,경상북도,0.01
2019,4,경상남도,0.01
2019,4,충청남도,0.01
2019,4,경기도,0.06
2019,4,충청남도,0.03
2019,4,경기도,0.01
2019,4,경기도,0.03
2019,4,경기도,0.02
2019,4,강원도,0.57
2019,4,충청북도,0.3
2019,4,충청남도,0.03
2019,4,경상남도,0.01
2019,4,경기도,0.7
2019,4,경기도,0.16
2019,4,전라북도,0.01
2019,4,경기도,1.5
2019,4,경기도,0.09
2019,4,충청북도,0.1
2019,4,강원도,0.5
2019,4,경기도,0.03
2019,4,경기도,0.6
2019,4,경기도,0.06
2019,4,충청남도,0.01
2019,4,충청북도,0.8
2019,4,경상북도,1
2019,4,경기도,0.01
2019,4,경기도,0.1
2019,4,경상남도,0.01
2019,4,경기도,0.04
2019,4,강원도,0.3
2019,4,경상남도,0.01
2019,4,경상북도,1.02
2019,4,경상북도,2
2019,4,경상북도,0.01
2019,4,경상북도,0.1
2019,4,경상북도,0.5
2019,4,경상북도,0.01
2019,4,경상북도,2
2019,4,경상남도,0.03
2019,4,경상북도,0.1
2019,4,경상남도,0.01
2019,4,경상남도,0.15
2019,4,충청남도,0.03
2019,4,전라남도,0.1
2019,4,경상북도,0.01
2019,4,경상남도,0.01
2019,4,경상북도,0.1
2019,4,경기도,1
2019,4,경상북도,0.16
2019,4,경상북도,3.6
2019,4,경상남도,4
2019,4,강원도,1260.15
2019,4,충청북도,0.05
2019,4,경기도,0.1
2019,4,강원도,1266.62
2019,4,경기도,0.3
2019,4,강원도,0.7
2019,4,경상남도,0.5
2019,4,충청남도,0.03
2019,4,강원도,344.93
2019,4,경상북도,0.21
2019,4,경상북도,0.01
2019,4,경기도,0.02
2019,4,경기도,2
2019,4,충청남도,0.01
2019,4,강원도,0.05
2019,4,경상북도,4
2019,4,충청남도,1.3
2019,4,경상남도,0.01
2019,4,경기도,0.2
2019,4,전라남도,0.04
2019,4,경상남도,0.05
2019,4,경상북도,9.6
2019,4,경기도,0.14
2019,4,경상북도,0.1
2019,4,경상남도,0.2
2019,4,강원도,0.7
2019,4,경기도,3.5
2019,4,경기도,0.05
2019,4,전라북도,1
2019,4,충청남도,0.05
2019,4,경상남도,0.03
2019,4,전라남도,0.5
2019,4,경상남도,1
2019,4,경상남도,0.2
2019,4,충청남도,0.05
2019,4,경상북도,0.3
2019,4,경상북도,0.15
2019,4,경상남도,56.9
2019,4,경상남도,0.01
2019,4,경기도,1
2019,4,경상남도,0.01
2019,4,경기도,0.04
2019,4,경기도,0.6
2019,4,경기도,0.05
2019,4,전라남도,0.05
2019,4,경상북도,0.04
2019,4,경상남도,0.1
2019,4,경기도,0.06
2019,4,강원도,0.02
2019,4,전라남도,7
2019,4,전라남도,0.15
2019,4,경상북도,0.06
2019,4,경상북도,0.15
2019,3,경기도,0.01
2019,3,전라북도,0.02
2019,3,경상북도,0.02
2019,3,전라남도,0.04
2019,3,경상남도,0.01
2019,3,경상북도,1
2019,3,경기도,0.3
2019,3,경상북도,18.44
2019,3,경기도,0.67
2019,3,경기도,0.15
2019,3,경기도,0.1
2019,3,전라남도,0.3
2019,3,경상북도,22
2019,3,충청남도,0.03
2019,3,전라남도,0.05
2019,3,경상남도,2
2019,3,전라남도,0.05
2019,3,경상북도,0.7
2019,3,경상북도,1
2019,3,경상북도,0.3
2019,3,경상북도,0.1
2019,3,경기도,0.01
2019,3,경상남도,0.01
2019,3,경상남도,0.03
2019,3,경상남도,0.03
2019,3,전라북도,0.01
2019,3,경상남도,0.01
2019,3,경상북도,0.05
2019,3,경상북도,0.06
2019,3,경상북도,0.2
2019,3,경상북도,0.1
2019,3,충청남도,0.05
2019,3,경기도,0.05
2019,3,경상북도,0.1
2019,3,경상북도,0.2
2019,3,경상북도,0.07
2019,3,전라북도,0.01
2019,3,경기도,0.03
2019,3,경기도,1
2019,3,경상북도,0.06
2019,3,경기도,0.03
2019,3,경상북도,3
2019,3,경상남도,0.02
2019,3,경기도,0.03
2019,3,경상남도,0.1
2019,3,경기도,0.01
2019,3,전라남도,0.5
2019,3,경상북도,0.02
2019,3,강원도,1.3
2019,3,전라남도,0.02
2019,3,전라남도,0.01
2019,3,경상남도,0.01
2019,3,경기도,0.02
2019,3,경기도,0.07
2019,3,경상남도,0.01
2019,3,경상남도,0.1
2019,3,충청남도,0.3
2019,3,경상북도,0.24
2019,3,경상남도,0.05
2019,3,경상북도,0.04
2019,3,경상북도,0.06
2019,3,경기도,0.03
2019,3,경상북도,0.3
2019,3,경상남도,0.8
2019,3,강원도,0.02
2019,3,경기도,1
2019,3,경상남도,0.01
2019,3,경기도,0.9
2019,3,경기도,0.08
2019,3,경기도,0.15
2019,3,경기도,0.2
2019,3,경기도,0.16
2019,3,충청남도,0.03
2019,3,강원도,0.01
2019,3,강원도,0.1
2019,3,경기도,0.16
2019,3,충청북도,0.01
2019,3,경기도,0.03
2019,3,경기도,0.3
2019,3,경기도,0.06
2019,3,충청남도,0.2
2019,3,충청북도,0.03
2019,3,경기도,0.08
2019,3,경기도,0.02
2019,3,전라북도,0.02
2019,3,경기도,0.02
2019,3,경상남도,0.01
2019,3,경상북도,0.89
2019,3,강원도,0.1
2019,3,경기도,0.04
2019,3,경기도,0.01
2019,3,강원도,0.02
2019,3,경상남도,0.1
2019,3,경기도,0.1
2019,3,경상남도,0.05
2019,3,경기도,0.1
2019,3,경기도,0.03
2019,3,경상북도,0.03
2019,3,경상남도,0.01
2019,3,경상북도,0.06
2019,3,경기도,0.15
2019,3,경기도,0.01
2019,3,경기도,0.3
2019,3,경기도,0.03
2019,3,충청북도,0.08
2019,3,경기도,0.06
2019,3,강원도,0.06
2019,3,경기도,0.01
2019,3,경상북도,0.01
2019,3,경상남도,0.01
2019,3,경기도,1
2019,3,경기도,0.1
2019,3,경기도,0.06
2019,3,강원도,0.1
2019,3,강원도,0.6
2019,3,충청북도,0.01
2019,3,경기도,0.03
2019,3,경기도,0.1
2019,3,강원도,0.1
2019,3,경기도,0.01
2019,3,경기도,0.01
2019,3,경상북도,0.1
2019,3,경상북도,0.03
2019,3,충청남도,0.03
2019,3,경기도,0.06
2019,3,경기도,0.2
2019,3,경상남도,0.1
2019,3,강원도,0.98
2019,3,강원도,0.08
2019,3,경상남도,0.15
2019,3,경기도,0.16
2019,3,충청북도,0.01
2019,3,경기도,0.05
2019,3,경상남도,0.01
2019,3,경기도,0.03
2019,3,경상북도,0.1
2019,3,경기도,0.1
2019,3,경상북도,1.2
2019,3,경기도,0.01
2019,3,전라남도,0.5
2019,3,경상남도,0.02
2019,2,충청북도,0.01
2019,2,경상남도,0.01
2019,2,경기도,0.3
2019,2,강원도,1
2019,2,강원도,0.1
2019,2,경기도,0.03
2019,2,경기도,0.01
2019,2,충청남도,0.03
2019,2,충청남도,0.2
2019,2,경상남도,2
2019,2,충청남도,0.1
2019,2,전라북도,0.01
2019,2,충청북도,0.1
2019,2,경상남도,0.04
2019,2,경상남도,0.01
2019,2,경상북도,0.01
2019,2,경상남도,0.01
2019,2,전라남도,0.07
2019,2,전라남도,0.02
2019,2,경기도,0.09
2019,2,충청북도,0.01
2019,2,경상북도,0.05
2019,2,경기도,0.2
2019,2,경상북도,0.03
2019,2,경상북도,0.1
2019,2,전라남도,0.02
2019,2,경상북도,0.46
2019,2,경상북도,0.3
2019,2,경상북도,0.01
2019,2,충청북도,0.01
2019,2,전라남도,0.3
2019,2,경상북도,0.15
2019,2,경상남도,0.1
2019,2,경상북도,0.5
2019,2,경상북도,0.02
2019,2,경기도,0.01
2019,2,경기도,0.8
2019,2,충청남도,0.04
2019,2,경상남도,0.1
2019,2,전라남도,0.01
2019,2,경기도,0.15
2019,2,경기도,0.02
2019,2,경기도,0.01
2019,2,경상남도,0.03
2019,2,경기도,0.06
2019,2,경기도,0.12
2019,2,충청남도,0.1
2019,2,경기도,0.05
2019,2,경상북도,0.02
2019,2,전라남도,0.01
2019,2,경상북도,0.03
2019,2,경상남도,0.1
2019,2,경상남도,0.01
2019,2,경상북도,0.2
2019,2,경상북도,0.1
2019,2,경상북도,0.03
2019,2,경기도,0.86
2019,2,경기도,0.01
2019,2,경상남도,0.05
2019,2,경상북도,0.05
2019,2,경기도,0.01
2019,1,경상북도,0.3
2019,1,경기도,0.05
2019,1,강원도,0.05
2019,1,강원도,0.34
2019,1,전라남도,0.2
2019,1,경상남도,0.1
2019,1,경상북도,1.5
2019,1,경기도,0.04
2019,1,경기도,0.16
2019,1,경기도,0.1
2019,1,경상남도,0.01
2019,1,전라남도,0.05
2019,1,경상북도,0.8
2019,1,강원도,0.4
2019,1,경기도,0.18
2019,1,경기도,0.02
2019,1,경기도,0.01
2019,1,경기도,1.45
2019,1,충청남도,0.02
2019,1,경상남도,9.14
2019,1,강원도,0.2
2019,1,경기도,0.03
2019,1,전라북도,0.01
2019,1,경상남도,0.07
2019,1,경기도,0.2
2019,1,경상북도,0.1
2019,1,경상남도,0.01
2019,1,경기도,0.01
2019,1,강원도,3.6
2019,1,경상남도,0.01
2019,1,전라남도,0.01
2019,1,강원도,0.1
2019,1,강원도,0.05
2019,1,경기도,0.02
2019,1,경기도,0.03
2019,1,충청북도,0.1
2019,1,경상북도,0.01
2019,1,경상북도,0.2
2019,1,경기도,0.01
2019,1,충청북도,0.1
2019,1,경상남도,0.03
2019,1,강원도,0.3
2019,1,충청북도,0.1
2019,1,경기도,5
2019,1,경상남도,0.01
2019,1,강원도,1
2019,1,경기도,0.08
2019,1,경상북도,0.06
2019,1,경상북도,0.5
2019,1,경상남도,0.01
2019,1,전라남도,1.2
2019,1,전라남도,0.03
2019,1,경기도,0.33
2019,1,경기도,0.04
2019,1,강원도,0.1
2019,1,전라북도,0.01
2019,1,충청남도,0.01
2019,1,전라남도,0.03
2019,1,충청남도,0.02
2019,1,경상남도,0.1
2019,1,경상남도,0.01
2019,1,강원도,1.46
2019,1,강원도,0.03
2019,1,경상북도,0.4
2019,1,충청북도,0.01
2019,1,충청북도,0.01
2019,1,경상북도,0.02
2019,1,충청남도,0.05
2019,1,경상남도,0.23
2019,1,경상남도,0.01
2019,1,전라남도,0.02
2019,1,경상남도,0.01
2019,1,전라남도,0.01
2019,1,경기도,0.2
2019,1,충청남도,0.45
2019,1,경상남도,0.4
2019,1,경상북도,0.1
2019,1,강원도,0.35
2019,1,전라남도,0.7
2019,1,경기도,0.1
2019,1,경기도,0.16
2019,1,경상북도,0.03
2019,1,경기도,0.02
2019,1,경상북도,0.1
2019,1,경상남도,0.01
2019,1,경기도,0.8
2019,1,경상북도,0.2
2019,1,충청북도,0.01
2019,1,충청북도,0.3
2019,1,경기도,0.2
2019,1,경기도,0.01
2019,1,경상북도,0.1
2019,1,경상북도,0.01
2019,1,전라북도,0.2
2019,1,경상북도,0.25
2019,1,경상남도,0.91
2019,1,전라북도,0.05
2019,1,경상북도,1.5
2019,1,경상북도,0.5
2019,1,경기도,0.05
2019,1,경상북도,0.01
2019,1,경기도,0.15
2019,1,경상북도,0.04
2019,1,강원도,97.94
2019,1,전라남도,0.3
2019,1,경상북도,0.04
2018,12,경상남도,0.03
2018,12,전라남도,0.1
2018,12,전라남도,0.1
2018,12,전라북도,0.2
2018,12,전라남도,0.1
2018,12,충청북도,0.01
2018,12,경상북도,0.01
2018,12,충청남도,0.05
2018,12,강원도,27
2018,12,경기도,0.02
2018,12,경상북도,0.07
2018,12,전라북도,0.09
2018,12,경기도,0.3
2018,12,경기도,0.03
2018,12,경상남도,0.01
2018,12,전라남도,0.2
2018,12,경기도,0.02
2018,12,경기도,0.3
2018,12,충청남도,0.2
2018,12,강원도,0.05
2018,12,경상남도,0.01
2018,12,경상북도,0.01
2018,12,경상남도,0.16
2018,12,경기도,0.01
2018,12,충청남도,0.1
2018,12,전라남도,0.01
2018,12,전라남도,0.02
2018,12,경기도,0.01
2018,12,전라남도,0.01
2018,12,전라북도,0.2
2018,12,경기도,0.06
2018,12,경기도,0.05
2018,11,경상북도,0.1
2018,11,충청북도,0.01
2018,11,경상남도,0.4
2018,11,경상남도,0.01
2018,11,강원도,0.03
2018,11,강원도,0.1
2018,11,경상남도,0.01
2018,11,전라남도,0.3
2018,11,강원도,0.1
2018,11,경기도,0.1
2018,11,경기도,0.06
2018,11,경기도,0.02
2018,11,전라남도,0.01
2018,10,충청남도,0.1
2018,10,경기도,0.05
2018,10,경상북도,0.1
2018,10,경상남도,0.01
2018,10,경상북도,0.1
2018,10,강원도,0.01
2018,10,경기도,0.03
2018,10,전라남도,0.01
2018,10,경상북도,0.01
2018,9,경상북도,0.01
2018,9,경기도,0.2
2018,9,경기도,0.04
2018,8,전라북도,0.01
2018,8,충청북도,0.01
2018,8,경상남도,0.06
2018,8,경기도,0.01
2018,8,전라남도,0.02
2018,8,전라북도,0.01
2018,8,충청북도,0.01
2018,8,충청북도,0.01
2018,8,충청북도,0.01
2018,8,경상남도,0.01
2018,8,경기도,0.5
2018,8,충청북도,0.05
2018,8,전라남도,0.01
2018,8,전라북도,1
2018,8,전라북도,0.01
2018,8,전라남도,0.01
2018,8,경상북도,0.01
2018,8,강원도,9.4
2018,8,경기도,0.2
2018,8,경기도,0.01
2018,8,경기도,0.3
2018,8,충청남도,0.1
2018,8,충청남도,0.06
2018,8,경상북도,31.9
2018,8,강원도,0.25
2018,8,경기도,0.23
2018,8,경상북도,0.15
2018,8,경상남도,0.01
2018,8,경상북도,3
2018,8,경상남도,0.05
2018,8,경기도,0.02
2018,8,전라남도,0.5
2018,8,강원도,0.02
2018,8,강원도,0.03
2018,8,경상북도,0.01
2018,8,경상북도,0.3
2018,8,경상북도,0.05
2018,8,경상남도,0.01
2018,8,경상북도,0.5
2018,8,강원도,1.04
2018,8,경기도,0.01
2018,8,경상북도,0.03
2018,8,경상남도,0.01
2018,8,전라북도,0.1
2018,8,충청남도,0.58
2018,8,강원도,0.1
2018,7,강원도,0.2
2018,7,경상북도,0.05
2018,7,전라북도,0.3
2018,7,경기도,0.01
2018,7,경기도,0.06
2018,7,경상북도,0.06
2018,7,강원도,0.86
2018,7,경상북도,1.5
2018,7,전라남도,0.01
2018,7,경상북도,0.01
2018,7,전라북도,0.05
2018,7,충청북도,0.01
2018,7,충청북도,0.02
2018,7,전라남도,0.01
2018,7,충청남도,0.05
2018,6,경상북도,0.02
2018,6,경상북도,0.06
2018,6,경상남도,0.02
2018,6,강원도,0.15
2018,6,강원도,1
2018,6,경상북도,0.01
2018,6,경상남도,0.02
2018,6,경상북도,3
2018,6,경상남도,0.03
2018,6,전라북도,0.05
2018,6,충청북도,0.01
2018,6,경상남도,0.02
2018,6,경상북도,0.07
2018,6,강원도,0.01
2018,6,경상북도,0.3
2018,6,경상북도,0.02
2018,6,강원도,0.54
2018,6,강원도,0.05
2018,6,충청북도,0.01
2018,6,충청남도,0.02
2018,6,경상북도,0.05
2018,6,충청북도,0.1
2018,6,충청북도,0.15
2018,6,충청남도,0.01
2018,6,전라남도,0.02
2018,6,경상북도,0.02
2018,6,전라남도,0.02
2018,6,경상북도,0.01
2018,6,경상북도,0.03
2018,6,충청남도,0.01
2018,6,충청남도,0.16
2018,6,전라남도,0.01
2018,6,전라북도,0.02
2018,6,경기도,0.08
2018,6,경기도,0.02
2018,6,충청남도,0.02
2018,6,경기도,0.01
2018,6,경기도,0.03
2018,6,경상북도,0.1
2018,6,전라남도,0.01
2018,6,경상남도,0.05
2018,6,경기도,0.01
2018,6,경기도,0.03
2018,6,강원도,0.01
2018,6,충청남도,0.07
2018,5,경상북도,0.2
2018,5,전라북도,0.02
2018,5,경상북도,0.73
2018,4,전라북도,0.02
2018,4,경상남도,0.02
2018,4,충청남도,0.03
2018,4,경상북도,0.1
2018,4,전라북도,0.01
2018,4,경기도,0.15
2018,4,경상북도,0.1
2018,4,경기도,0.01
2018,4,충청북도,0.01
2018,4,경상북도,0.02
2018,4,강원도,0.5
2018,4,충청남도,0.01
2018,4,강원도,0.5
2018,4,경상북도,0.1
2018,4,경상남도,0.5
2018,4,경상북도,0.5
2018,4,경기도,1
2018,4,전라북도,0.02
2018,4,경기도,0.01
2018,4,강원도,3
2018,4,경상북도,0.01
2018,4,경상북도,0.02
2018,4,강원도,0.15
2018,4,경기도,0.6
2018,4,경상남도,0.02
2018,4,경상남도,0.01
2018,4,충청북도,0.3
2018,4,경기도,0.15
2018,4,충청남도,0.01
2018,4,경상남도,0.3
2018,4,경상북도,0.01
2018,4,강원도,0.08
2018,4,경상북도,0.01
2018,4,강원도,13.08
2018,4,경상북도,0.1
2018,4,경상북도,0.1
2018,4,충청북도,0.01
2018,4,경상북도,0.7
2018,4,전라남도,0.06
2018,4,경상북도,0.2
2018,4,경상남도,0.01
2018,4,경상북도,0.01
2018,4,전라북도,0.01
2018,4,충청남도,0.1
2018,4,경상남도,0.03
2018,4,경기도,0.22
2018,4,경기도,0.03
2018,4,경상북도,0.02
2018,4,경상북도,0.01
2018,4,경기도,0.5
2018,4,전라남도,0.03
2018,4,강원도,0.02
2018,4,경상북도,0.01
2018,4,경기도,0.1
2018,4,경상북도,0.01
2018,4,경상북도,0.1
2018,4,경기도,0.02
2018,4,경상북도,0.3
2018,4,경기도,0.03
2018,4,경상남도,0.02
2018,4,전라북도,0.05
2018,4,경기도,0.5
2018,4,충청남도,0.4
2018,4,경기도,0.01
2018,4,강원도,0.3
2018,4,충청북도,0.01
2018,4,충청북도,0.01
2018,4,경상북도,0.01
2018,4,전라남도,0.03
2018,4,경상북도,0.01
2018,4,경기도,0.03
2018,4,경상북도,2
2018,4,경상북도,16.1
2018,4,경상북도,0.5
2018,4,경기도,0.5
2018,4,경기도,0.02
2018,4,전라북도,0.01
2018,4,경기도,0.33
2018,4,전라북도,0.9
2018,4,경기도,0.09
2018,4,전라북도,0.6
2018,4,경상남도,0.3
2018,4,충청북도,0.01
2018,4,경상남도,0.02
2018,4,경상남도,0.33
2018,4,경상북도,0.2
2018,4,전라북도,0.2
2018,4,강원도,0.1
2018,3,경기도,0.5
2018,3,경기도,0.01
2018,3,경상남도,0.02
2018,3,전라남도,0.21
2018,3,충청북도,0.01
2018,3,경상북도,0.2
2018,3,충청북도,0.01
2018,3,경기도,0.1
2018,3,경기도,1.5
2018,3,경상북도,0.01
2018,3,경기도,0.5
2018,3,경상남도,0.01
2018,3,경기도,0.06
2018,3,경기도,0.01
2018,3,충청남도,0.02
2018,3,경상남도,0.1
2018,3,경기도,0.01
2018,3,경상북도,0.2
2018,3,경기도,0.03
2018,3,경상남도,0.01
2018,3,경상북도,12.4
2018,3,충청북도,0.01
2018,3,전라북도,0.2
2018,3,경기도,0.07
2018,3,경상북도,0.4
2018,3,경상남도,0.01
2018,3,경상남도,0.01
2018,3,강원도,356.85
2018,3,경상북도,0.1
2018,3,경상남도,0.01
2018,3,경상북도,0.5
2018,3,충청북도,0.01
2018,3,경상북도,0.01
2018,3,경기도,0.01
2018,3,충청남도,0.03
2018,3,경상북도,0.1
2018,3,충청북도,0.01
2018,3,경기도,0.06
2018,3,경상북도,0.16
2018,3,충청북도,0.01
2018,3,경기도,0.5
2018,3,경상남도,0.2
2018,3,경상북도,1.2
2018,3,강원도,0.2
2018,3,강원도,0.3
2018,3,전라남도,0.02
2018,3,경상남도,0.02
2018,3,경기도,0.16
2018,3,경상남도,0.02
2018,3,경기도,0.09
2018,3,경상북도,0.06
2018,3,경상남도,0.1
2018,3,경기도,0.09
2018,3,경기도,0.1
2018,3,강원도,1.1
2018,3,경기도,0.01
2018,3,경상북도,0.01
2018,3,경상남도,0.01
2018,3,충청남도,0.3
2018,3,경상북도,0.1
2018,3,강원도,0.2
2018,3,충청남도,0.1
2018,3,경상북도,2.5
2018,3,경기도,0.16
2018,3,충청북도,0.01
2018,3,경상북도,1.4
2018,3,경기도,0.08
2018,3,충청북도,0.03
2018,3,전라남도,0.03
2018,3,경기도,0.16
2018,3,경기도,0.16
2018,3,경기도,0.01
2018,3,경기도,0.01
2018,3,경상북도,0.02
2018,3,경상남도,0.01
2018,3,경기도,0.03
2018,3,경기도,0.1
2018,3,충청남도,0.15
2018,3,경기도,0.06
2018,3,경상남도,0.01
2018,3,충청남도,0.3
2018,3,경상남도,0.01
2018,3,경상남도,0.01
2018,2,경상북도,0.5
2018,2,전라북도,0.02
2018,2,경상남도,0.1
2018,2,충청남도,0.4
2018,2,충청남도,0.03
2018,2,충청남도,0.02
2018,2,전라남도,0.8
2018,2,경상북도,0.02
2018,2,전라북도,0.02
2018,2,경기도,0.09
2018,2,경상남도,0.1
2018,2,전라남도,0.1
2018,2,경기도,0.08
2018,2,경기도,0.1
2018,2,전라북도,0.01
2018,2,충청남도,0.05
2018,2,충청남도,0.03
2018,2,경상북도,0.05
2018,2,경상남도,0.01
2018,2,경상북도,0.02
2018,2,전라남도,0.02
2018,2,경상남도,0.1
2018,2,전라남도,0.02
2018,2,경기도,0.6
2018,2,경상남도,0.2
2018,2,경상북도,0.01
2018,2,경상북도,0.13
2018,2,전라북도,0.1
2018,2,경상북도,0.2
2018,2,경상남도,1
2018,2,경상남도,0.01
2018,2,경상북도,0.03
2018,2,충청남도,0.17
2018,2,경상북도,0.06
2018,2,경상북도,0.01
2018,2,경상북도,0.1
2018,2,강원도,0.1
2018,2,경상남도,0.05
2018,2,경상남도,0.01
2018,2,충청북도,0.01
2018,2,전라남도,0.02
2018,2,경기도,0.01
2018,2,충청남도,0.03
2018,2,경상남도,0.03
2018,2,강원도,0.5
2018,2,경상북도,0.1
2018,2,경상북도,0.2
2018,2,경상남도,0.15
2018,2,경상남도,0.1
2018,2,경상남도,0.15
2018,2,경상북도,0.04
2018,2,전라남도,0.05
2018,2,경기도,0.1
2018,2,경상남도,0.1
2018,2,전라북도,0.01
2018,2,경기도,0.06
2018,2,충청남도,0.01
2018,2,경상북도,7
2018,2,충청남도,0.07
2018,2,경상북도,1
2018,2,경상북도,0.05
2018,2,경기도,0.3
2018,2,경기도,0.03
2018,2,경상북도,0.01
2018,2,경기도,0.5
2018,2,전라남도,3
2018,2,강원도,0.5
2018,2,경상북도,0.81
2018,2,경상남도,0.01
2018,2,경상북도,0.2
2018,2,경상남도,0.02
2018,2,충청남도,0.01
2018,2,경상남도,0.15
2018,2,경상남도,0.01
2018,2,경상북도,0.04
2018,2,경기도,0.1
2018,2,전라남도,0.1
2018,2,경기도,0.05
2018,2,경상남도,0.03
2018,2,경상남도,0.03
2018,2,경기도,0.06
2018,2,경기도,0.01
2018,2,경상남도,0.01
2018,2,경상북도,0.01
2018,2,경상남도,0.03
2018,2,강원도,0.1
2018,2,경상북도,0.02
2018,2,경상남도,0.01
2018,2,강원도,76.46
2018,2,강원도,161.14
2018,2,충청북도,0.01
2018,2,경상북도,0.5
2018,2,경상북도,1
2018,2,전라남도,0.02
2018,2,강원도,0.2
2018,2,경기도,0.06
2018,2,경상남도,1.5
2018,2,경기도,0.2
2018,2,충청남도,0.02
2018,2,충청남도,0.03
2018,2,충청남도,0.4
2018,2,경상북도,13
2018,2,경상남도,0.01
2018,2,경상북도,0.06
2018,2,충청북도,0.01
2018,2,경상남도,0.03
2018,2,강원도,0.01
2018,2,경상북도,0.2
2018,2,강원도,0.06
2018,2,경상남도,1.2
2018,2,경기도,0.04
2018,2,경상남도,0.01
2018,2,경상북도,0.2
2018,2,충청남도,0.02
2018,2,경상남도,0.05
2018,2,경상남도,0.01
2018,2,경상북도,0.01
2018,2,경기도,0.01
2018,2,경기도,0.15
2018,2,경상북도,0.5
2018,2,경상남도,0.01
2018,2,충청북도,0.03
2018,2,충청북도,0.1
2018,2,경상북도,0.09
2018,2,경상남도,0.01
2018,2,충청북도,0.1
2018,2,경상북도,0.03
2018,2,강원도,0.02
2018,2,경기도,0.02
2018,2,경상북도,0.2
2018,1,경상북도,0.05
2018,1,전라북도,0.2
2018,1,경상북도,1
2018,1,경상남도,0.02
2018,1,경상북도,0.02
2018,1,경기도,3
2018,1,경상남도,1
2018,1,경기도,0.03
2018,1,경기도,0.01
2018,1,경상남도,0.02
2018,1,전라남도,0.15
2018,1,경상남도,0.01
2018,1,전라남도,0.05
2018,1,경상남도,0.01
2018,1,전라남도,0.03
2018,1,경기도,0.04
2018,1,강원도,17.73
2018,1,경상북도,0.1
2018,1,강원도,0.02
2018,1,경기도,0.06
2018,1,경상남도,0.02
2018,1,전라남도,0.04
2018,1,경상남도,0.01
2018,1,경상남도,0.1
2018,1,경상북도,0.89
2018,1,충청남도,0.2
2018,1,경기도,0.02
2018,1,강원도,0.01
2018,1,경상남도,65
2017,12,경기도,0.2
2017,12,경상남도,0.02
2017,12,충청남도,0.03
2017,12,경상북도,0.03
2017,12,경상북도,0.9
2017,12,경상남도,0.04
2017,12,충청남도,0.03
2017,12,경상남도,0.01
2017,12,경상남도,0.02
2017,12,경상남도,0.01
2017,12,경상북도,0.9
2017,12,강원도,0.81
2017,12,경상남도,0.05
2017,12,경상북도,0.05
2017,12,경상북도,3
2017,12,경상북도,0.02
2017,12,전라남도,0.02
2017,12,경상북도,0.06
2017,12,경상북도,0.05
2017,12,경상북도,1.5
2017,12,경상남도,0.05
2017,12,경상북도,0.05
2017,12,경상북도,0.02
2017,12,경상북도,0.01
2017,12,경상남도,0.01
2017,12,경상남도,0.01
2017,12,경상북도,1.89
2017,12,경상북도,0.04
2017,12,경상남도,0.5
2017,12,전라남도,0.02
2017,12,경상남도,0.1
2017,12,경상북도,0.05
2017,12,경상남도,0.01
2017,12,경상북도,18
2017,12,경상북도,0.5
2017,12,경상남도,0.1
2017,12,경상북도,0.02
2017,12,경기도,0.09
2017,12,경상북도,0.01
2017,12,경상북도,0.02
2017,12,경기도,0.02
2017,12,경상북도,0.02
2017,12,경상남도,5
2017,12,강원도,1.86
2017,12,경상남도,0.01
2017,12,강원도,0.2
2017,12,경상남도,0.02
2017,12,전라북도,0.2
2017,12,충청남도,0.03
2017,12,경상북도,0.8
2017,11,경상북도,0.1
2017,11,전라남도,0.1
2017,11,경상북도,0.6
2017,11,경상남도,0.01
2017,11,경상남도,0.01
2017,11,경기도,0.13
2017,11,강원도,0.05
2017,11,경상남도,0.01
2017,11,경상남도,0.01
2017,11,전라남도,0.2
2017,11,경상남도,0.07
2017,11,경상북도,0.05
2017,11,경상남도,0.01
2017,11,전라남도,0.03
2017,11,경상북도,0.03
2017,11,경상남도,0.02
2017,11,경상북도,0.01
2017,11,경상북도,0.8
2017,11,충청남도,0.4
2017,11,경상남도,0.5
2017,11,경상남도,0.01
2017,11,강원도,0.3
2017,11,전라북도,0.01
2017,11,경상북도,0.03
2017,11,경상북도,0.1
2017,11,경상북도,0.01
2017,11,강원도,0.05
2017,11,충청남도,0.1
2017,11,충청남도,4.8
2017,11,경기도,0.03
2017,11,경상북도,0.01
2017,11,전라남도,0.5
2017,11,강원도,0.5
2017,11,경상북도,0.05
2017,11,경기도,0.1
2017,11,경기도,0.15
2017,11,강원도,0.09
2017,11,경기도,0.07
2017,11,경상북도,0.04
2017,11,경상남도,0.03
2017,11,충청남도,0.04
2017,11,경상북도,0.1
2017,11,경기도,6.5
2017,11,경상남도,0.1
2017,11,경기도,0.02
2017,11,충청남도,0.03
2017,11,경기도,0.09
2017,11,전라북도,0.1
2017,11,충청남도,0.2
2017,11,경상북도,0.3
2017,10,경상남도,0.01
2017,10,경기도,0.03
2017,10,충청북도,0.01
2017,10,경상남도,0.01
2017,9,경상남도,0.01
2017,9,경상남도,0.01
2017,9,충청남도,0.1
2017,9,경상남도,0.02
2017,7,경상남도,0.1
2017,7,경상남도,0.5
2017,7,경상북도,0.01
2017,6,경상남도,0.3
2017,6,전라남도,0.02
2017,6,경상북도,0.01
2017,6,전라북도,0.1
2017,6,경상북도,0.04
2017,6,경기도,0.3
2017,6,강원도,0.01
2017,6,경상북도,0.03
2017,6,충청남도,6.3
2017,6,충청남도,0.03
2017,6,충청북도,0.01
2017,6,경기도,0.1
2017,6,강원도,0.02
2017,6,경상남도,0.05
2017,6,경상북도,0.01
2017,6,충청남도,0.2
2017,6,충청남도,0.05
2017,6,경기도,0.2
2017,6,강원도,0.01
2017,6,경기도,0.01
2017,6,경기도,0.13
2017,6,경기도,0.3
2017,6,강원도,0.24
2017,6,충청남도,0.04
2017,6,경상북도,0.2
2017,6,경기도,0.06
2017,6,경상북도,0.05
2017,6,경기도,0.01
2017,6,충청북도,0.03
2017,6,전라남도,0.06
2017,6,강원도,0.01
2017,6,경상남도,0.1
2017,6,경상북도,0.01
2017,6,경상북도,0.01
2017,6,전라남도,0.04
2017,6,경기도,0.08
2017,6,경상북도,0.01
2017,6,경기도,0.01
2017,6,경상북도,0.2
2017,6,강원도,0.01
2017,6,경상남도,0.5
2017,6,충청남도,0.1
2017,6,경상북도,0.05
2017,6,충청남도,0.01
2017,6,경기도,0.06
2017,6,전라북도,0.2
2017,6,경상북도,0.01
2017,6,경상북도,0.02
2017,6,충청남도,0.05
2017,6,경상남도,0.15
2017,6,경상북도,0.5
2017,6,경기도,0.16
2017,6,충청남도,0.06
2017,6,충청북도,0.7
2017,6,충청남도,0.03
2017,6,충청북도,3.12
2017,6,경상북도,0.15
2017,6,경상북도,0.01
2017,6,경상북도,0.05
2017,6,경기도,0.1
2017,6,경상북도,0.01
2017,6,전라남도,0.03
2017,6,경기도,0.33
2017,6,경기도,0.02
2017,6,전라북도,0.02
2017,6,경상북도,0.3
2017,6,경기도,0.5
2017,6,경기도,0.02
2017,6,충청남도,0.01
2017,6,강원도,0.01
2017,6,경상북도,24.18
2017,6,강원도,0.1
2017,6,강원도,0.3
2017,6,경상북도,0.03
2017,6,경기도,0.03
2017,6,경상북도,0.03
2017,6,경기도,0.15
2017,6,강원도,0.2
2017,6,경상북도,0.3
2017,6,전라남도,0.01
2017,6,전라남도,0.01
2017,6,강원도,0.06
2017,6,경상북도,0.01
2017,6,경기도,1.7
2017,6,경상북도,0.01
2017,6,강원도,0.3
2017,5,경기도,0.05
2017,5,경상북도,0.05
2017,5,경상북도,0.03
2017,5,경상북도,0.1
2017,5,전라남도,0.03
2017,5,경상북도,0.05
2017,5,전라남도,0.02
2017,5,전라북도,0.2
2017,5,경상북도,0.1
2017,5,경상남도,0.02
2017,5,경상북도,0.01
2017,5,전라남도,0.03
2017,5,경상북도,0.05
2017,5,경기도,0.03
2017,5,경기도,0.01
2017,5,경상북도,1
2017,5,강원도,0.08
2017,5,충청북도,0.01
2017,5,경상북도,0.01
2017,5,경상북도,0.02
2017,5,강원도,0.01
2017,5,경상북도,0.01
2017,5,경상북도,0.05
2017,5,강원도,0.05
2017,5,경기도,0.01
2017,5,경상북도,0.04
2017,5,경상남도,0.01
2017,5,충청북도,0.01
2017,5,충청남도,0.05
2017,5,전라북도,0.07
2017,5,경상북도,0.5
2017,5,충청남도,0.03
2017,5,강원도,0.1
2017,5,충청북도,0.02
2017,5,충청북도,0.05
2017,5,충청북도,0.05
2017,5,경기도,0.06
2017,5,강원도,0.06
2017,5,강원도,0.04
2017,5,강원도,0.1
2017,5,경상남도,0.01
2017,5,강원도,0.06
2017,5,경상북도,0.7
2017,5,경상북도,0.1
2017,5,경상남도,0.3
2017,5,강원도,0.03
2017,5,강원도,0.05
2017,5,경상북도,0.05
2017,5,강원도,0.01
2017,5,강원도,0.1
2017,5,경상북도,5.9
2017,5,충청북도,0.1
2017,5,경기도,0.03
2017,5,경기도,0.03
2017,5,경상북도,1.5
2017,5,경기도,0.13
2017,5,경기도,1
2017,5,강원도,252
2017,5,경기도,0.1
2017,5,강원도,0.47
2017,5,경상북도,0.1
2017,5,경기도,0.5
2017,5,경상북도,86
2017,5,강원도,0.02
2017,5,경기도,0.06
2017,5,경기도,0.5
2017,5,충청북도,0.1
2017,5,경상북도,0.01
2017,5,강원도,765.12
2017,5,충청남도,0.92
2017,5,강원도,0.01
2017,5,충청남도,0.01
2017,5,충청북도,0.3
2017,5,강원도,0.05
2017,5,강원도,0.1
2017,5,경상북도,1
2017,5,경상북도,0.5
2017,5,강원도,0.1
2017,5,경기도,0.5
2017,5,경기도,0.01
2017,5,강원도,0.01
2017,5,강원도,0.05
2017,5,충청남도,0.03
2017,5,충청남도,0.05
2017,5,경상북도,0.1
2017,5,강원도,0.5
2017,5,경상남도,0.01
2017,5,경기도,0.5
2017,5,경기도,0.2
2017,5,경기도,0.5
2017,5,강원도,1.3
2017,5,충청남도,0.05
2017,5,경기도,0.2
2017,5,충청남도,0.06
2017,5,강원도,0.05
2017,5,강원도,0.3
2017,5,강원도,0.05
2017,5,경기도,0.2
2017,5,강원도,0.1
2017,5,경기도,0.1
2017,5,강원도,0.05
2017,5,충청남도,0.1
2017,5,충청남도,0.05
2017,5,강원도,0.5
2017,4,충청남도,0.5
2017,4,전라남도,0.04
2017,4,경기도,0.01
2017,4,경상남도,0.05
2017,4,경기도,0.1
2017,4,경기도,0.1
2017,4,충청남도,0.08
2017,4,경상북도,0.1
2017,4,경기도,0.7
2017,4,강원도,0.5
2017,4,전라남도,0.05
2017,4,강원도,0.01
2017,4,충청남도,0.25
2017,4,경기도,2
2017,4,충청남도,0.01
2017,4,전라남도,0.2
2017,4,강원도,0.02
2017,4,경기도,0.01
2017,4,경상북도,0.3
2017,4,강원도,0.1
2017,4,경상북도,1.25
2017,4,충청북도,0.01
2017,4,강원도,0.1
2017,4,전라북도,0.05
2017,4,경상북도,0.3
2017,4,충청남도,0.02
2017,4,충청북도,0.01
2017,4,경기도,1
2017,4,충청남도,0.01
2017,4,충청남도,0.01
2017,4,충청남도,0.4
2017,4,경상북도,0.01
2017,4,경기도,0.09
2017,4,경기도,0.17
2017,4,경기도,0.2
2017,4,충청남도,0.01
2017,4,충청북도,2
2017,4,경기도,0.15
2017,4,강원도,0.2
2017,4,경기도,0.5
2017,4,경기도,0.03
2017,4,경상북도,0.06
2017,4,충청남도,0.05
2017,4,경기도,0.01
2017,4,경기도,0.01
2017,4,경기도,0.03
2017,4,경기도,0.2
2017,4,경기도,0.1
2017,4,강원도,0.3
2017,4,경기도,1.2
2017,4,충청남도,0.07
2017,4,충청남도,0.05
2017,4,경기도,0.15
2017,4,충청남도,0.04
2017,4,경상북도,0.1
2017,4,강원도,0.01
2017,4,충청남도,0.05
2017,4,강원도,0.12
2017,4,강원도,0.2
2017,4,경기도,1.5
2017,4,강원도,0.06
2017,4,경기도,0.01
2017,4,경기도,0.3
2017,4,강원도,0.01
2017,4,경기도,0.03
2017,4,충청북도,0.02
2017,4,경기도,0.15
2017,4,경상남도,0.1
2017,4,충청북도,0.2
2017,4,경상남도,0.01
2017,4,경기도,0.4
2017,4,충청남도,0.02
2017,4,경상북도,0.01
2017,4,강원도,0.02
2017,4,경상북도,0.1
2017,4,경기도,0.17
2017,4,충청북도,0.06
2017,4,강원도,0.35
2017,4,경기도,0.1
2017,4,충청남도,0.06
2017,4,경기도,2.5
2017,4,경기도,0.03
2017,4,경기도,0.16
2017,4,경기도,0.03
2017,4,경기도,1
2017,4,강원도,0.01
2017,4,경기도,0.09
2017,4,강원도,0.01
2017,4,경상북도,0.03
2017,4,경기도,0.03
2017,4,경기도,0.1
2017,4,충청남도,0.03
2017,4,경기도,0.05
2017,4,강원도,0.2
2017,4,경기도,0.2
2017,4,강원도,0.3
2017,4,충청남도,0.01
2017,4,경기도,0.1
2017,4,경기도,0.3
2017,4,강원도,0.1
2017,4,경기도,0.09
2017,4,경기도,0.15
2017,4,경기도,0.5
2017,4,충청북도,0.03
2017,4,충청남도,0.2
2017,4,경기도,0.01
2017,4,전라북도,0.02
2017,4,경기도,0.1
2017,4,경기도,0.9
2017,4,경상남도,0.09
2017,4,경상남도,0.05
2017,4,경기도,0.6
2017,4,충청남도,0.8
2017,4,경상남도,0.01
2017,4,경기도,0.3
2017,4,경기도,2.5
2017,4,전라남도,0.05
2017,4,경기도,0.2
2017,4,경기도,0.3
2017,4,경기도,0.02
2017,4,경기도,0.09
2017,4,경기도,0.2
2017,3,경기도,0.15
2017,3,충청북도,0.03
2017,3,강원도,0.51
2017,3,강원도,0.01
2017,3,경기도,0.3
2017,3,경기도,0.15
2017,3,경기도,0.1
2017,3,경기도,0.16
2017,3,경기도,0.19
2017,3,경기도,0.26
2017,3,경기도,0.5
2017,3,경기도,0.01
2017,3,경기도,0.1
2017,3,경기도,0.6
2017,3,충청북도,0.02
2017,3,충청북도,0.01
2017,3,전라남도,0.02
2017,3,경기도,1
2017,3,경기도,0.5
2017,3,경기도,0.01
2017,3,경기도,0.3
2017,3,경기도,0.2
2017,3,전라북도,0.7
2017,3,경기도,0.76
2017,3,충청남도,0.05
2017,3,경기도,0.1
2017,3,경기도,0.01
2017,3,경기도,0.01
2017,3,경기도,0.04
2017,3,경상북도,1.5
2017,3,강원도,0.5
2017,3,경기도,0.5
2017,3,경기도,1
2017,3,충청남도,0.4
2017,3,강원도,0.15
2017,3,강원도,0.01
2017,3,경상북도,0.15
2017,3,경기도,0.02
2017,3,경상북도,2.2
2017,3,경기도,0.4
2017,3,충청북도,0.05
2017,3,전라북도,0.01
2017,3,경기도,0.02
2017,3,경상북도,0.5
2017,3,충청남도,0.1
2017,3,강원도,0.05
2017,3,전라남도,0.05
2017,3,충청북도,0.2
2017,3,충청남도,0.04
2017,3,경기도,0.03
2017,3,전라북도,0.01
2017,3,경기도,2
2017,3,경기도,0.6
2017,3,강원도,0.2
2017,3,경상북도,0.03
2017,3,경상남도,0.1
2017,3,충청북도,0.05
2017,3,경기도,0.3
2017,3,경기도,0.1
2017,3,경기도,0.9
2017,3,경상남도,0.2
2017,3,경기도,0.2
2017,3,전라남도,0.03
2017,3,경상북도,0.1
2017,3,경상북도,0.03
2017,3,경기도,1.3
2017,3,강원도,1.5
2017,3,경상북도,0.1
2017,3,강원도,0.3
2017,3,경기도,0.15
2017,3,경기도,0.02
2017,3,경기도,2
2017,3,강원도,0.03
2017,3,경기도,0.05
2017,3,경기도,3
2017,3,경기도,0.2
2017,3,경기도,0.3
2017,3,충청북도,0.04
2017,3,경기도,0.1
2017,3,경기도,0.03
2017,3,경기도,0.3
2017,3,경기도,0.6
2017,3,경기도,0.05
2017,3,강원도,0.1
2017,3,충청북도,0.02
2017,3,충청남도,0.02
2017,3,경기도,0.04
2017,3,충청북도,0.01
2017,3,전라남도,0.15
2017,3,충청북도,0.02
2017,3,강원도,0.1
2017,3,경상남도,0.02
2017,3,충청북도,0.01
2017,3,충청남도,0.5
2017,3,충청남도,0.02
2017,3,경기도,0.05
2017,3,충청북도,0.05
2017,3,전라북도,0.01
2017,3,경기도,0.1
2017,3,경기도,0.1
2017,3,충청남도,0.01
2017,3,경상북도,0.04
2017,3,충청북도,0.06
2017,3,충청북도,0.2
2017,3,경기도,0.3
2017,3,경상북도,0.01
2017,3,경기도,0.2
2017,3,충청남도,0.02
2017,3,강원도,0.05
2017,3,경기도,0.09
2017,3,경상북도,0.3
2017,3,강원도,0.5
2017,3,충청북도,0.03
2017,3,충청남도,0.01
2017,3,강원도,0.3
2017,3,강원도,0.1
2017,3,경상남도,0.02
2017,3,충청북도,0.01
2017,3,전라북도,0.02
2017,3,경기도,0.1
2017,3,경상북도,0.01
2017,3,강원도,0.3
2017,3,경상남도,0.05
2017,3,경기도,0.09
2017,3,경기도,0.16
2017,3,경상북도,0.2
2017,3,경상남도,0.05
2017,3,강원도,0.3
2017,3,전라북도,0.01
2017,3,경기도,0.01
2017,3,전라북도,0.8
2017,3,충청남도,1.2
2017,3,경상북도,0.03
2017,3,경기도,0.5
2017,3,전라북도,0.01
2017,3,경기도,0.3
2017,3,전라북도,0.4
2017,3,강원도,0.05
2017,3,충청남도,0.04
2017,3,경기도,0.03
2017,3,경기도,0.23
2017,3,전라북도,0.01
2017,3,경상북도,5.2
2017,3,강원도,0.3
2017,3,경기도,0.09
2017,3,전라북도,0.02
2017,3,충청북도,0.1
2017,3,경상북도,0.09
2017,3,충청북도,0.01
2017,3,경상북도,0.2
2017,3,경기도,0.5
2017,3,충청북도,0.1
2017,3,경상남도,0.01
2017,3,경기도,0.03
2017,3,충청남도,0.03
2017,3,충청북도,0.2
2017,3,경기도,0.72
2017,3,충청북도,0.02
2017,3,강원도,0.2
2017,3,경기도,0.13
2017,3,충청남도,0.5
2017,3,경상북도,0.03
2017,3,경상북도,0.5
2017,3,경상북도,0.03
2017,3,경기도,0.3
2017,3,강원도,0.1
2017,3,충청남도,0.01
2017,3,경기도,0.1
2017,3,경기도,0.16
2017,3,강원도,0.01
2017,3,경기도,0.1
2017,3,경기도,0.05
2017,3,경기도,0.03
2017,3,경기도,0.01
2017,3,경상북도,0.05
2017,3,강원도,160.41
2017,3,경기도,0.16
2017,3,충청북도,0.03
2017,3,충청북도,0.02
2017,3,전라남도,1
2017,3,경상북도,0.05
2017,3,전라남도,0.2
2017,3,경상북도,0.15
2017,3,충청남도,0.03
2017,3,경기도,0.1
2017,3,경상북도,2
2017,3,전라남도,0.01
2017,3,충청남도,0.12
2017,3,강원도,0.01
2017,3,경기도,0.1
2017,3,전라남도,0.2
2017,3,충청북도,0.01
2017,2,경상북도,0.8
2017,2,강원도,0.1
2017,2,강원도,0.2
2017,2,경기도,0.01
2017,2,경기도,0.02
2017,2,경기도,0.01
2017,2,전라북도,0.1
2017,2,경상남도,0.01
2017,2,강원도,0.01
2017,2,경상북도,0.1
2017,2,충청남도,0.04
2017,2,강원도,0.03
2017,2,경상남도,0.15
2017,2,경상북도,0.1
2017,2,경상북도,0.2
2017,2,전라남도,0.03
2017,2,경상남도,0.07
2017,2,경기도,0.06
2017,2,경상북도,0.5
2017,2,경상북도,0.1
2017,2,충청북도,0.01
2017,2,충청남도,0.3
2017,2,경상북도,0.1
2017,2,경기도,0.2
2017,2,경기도,0.45
2017,2,경상남도,0.01
2017,2,충청북도,0.01
2017,2,경기도,0.01
2017,2,경상남도,0.01
2017,2,전라남도,0.2
2017,2,전라북도,0.02
2017,2,전라북도,0.01
2017,2,경상남도,0.01
2017,2,경상북도,0.1
2017,2,경기도,0.3
2017,2,경상남도,0.2
2017,2,경기도,0.03
2017,2,경기도,0.3
2017,2,충청남도,0.08
2017,2,경상북도,0.01
2017,2,전라남도,0.3
2017,2,경상남도,0.04
2017,2,경상북도,0.1
2017,2,경상남도,0.01
2017,2,충청남도,0.15
2017,2,경상남도,0.01
2017,2,경상남도,0.01
2017,2,경상북도,0.3
2017,2,경상북도,0.98
2017,2,경상남도,0.01
2017,2,경상남도,0.01
2017,2,경상북도,0.1
2017,2,경상북도,0.01
2017,2,경상북도,0.05
2017,2,전라남도,0.4
2017,2,전라남도,0.2
2017,1,경상남도,0.01
2017,1,경상남도,0.01
2017,1,경상북도,0.1
2017,1,경상남도,0.01
2017,1,경상남도,0.3
2017,1,전라남도,0.08
2017,1,경상북도,0.04
2017,1,경상남도,0.1
2017,1,경상남도,0.05
2017,1,강원도,0.05
2017,1,경기도,0.08
2017,1,경기도,0.05
2017,1,강원도,0.02
2017,1,경기도,0.2
2017,1,경기도,0.06
2017,1,강원도,0.07
2017,1,강원도,0.03
2017,1,경상북도,0.5
2017,1,강원도,0.05
2017,1,경기도,0.2
2017,1,경상남도,0.01
2016,12,경기도,0.06
2016,12,경상북도,1.6
2016,12,경기도,0.04
2016,12,경기도,0.05
2016,12,경기도,0.1
2016,12,전라남도,0.05
2016,12,경상북도,0.16
2016,12,충청북도,0.01
2016,12,경기도,0.05
2016,12,충청북도,0.01
2016,12,강원도,0.02
2016,12,경기도,0.03
2016,11,경기도,0.06
2016,11,강원도,0.01
2016,11,강원도,0.03
2016,11,경기도,4.5
2016,11,경상남도,0.08
2016,11,경기도,0.03
2016,11,강원도,0.01
2016,11,경상북도,0.01
2016,11,강원도,0.01
2016,10,경기도,0.03
2016,9,경기도,0.01
2016,9,강원도,0.01
2016,9,경기도,2.15
2016,9,전라남도,0.05
2016,9,전라북도,0.01
2016,8,경상북도,0.1
2016,8,충청남도,0.2
2016,8,충청남도,0.05
2016,8,전라남도,0.1
2016,8,경상북도,0.03
2016,8,경상북도,0.05
2016,8,경상남도,0.05
2016,8,강원도,0.03
2016,8,경상북도,0.4
2016,8,강원도,0.04
2016,8,전라남도,0.1
2016,8,경상북도,0.02
2016,8,전라남도,0.1
2016,8,경상북도,0.6
2016,7,경기도,0.01
2016,6,경상북도,0.1
2016,6,강원도,0.3
2016,6,경상북도,0.05
2016,6,경상북도,0.01
2016,6,강원도,0.05
2016,6,경상북도,0.03
2016,6,강원도,0.01
2016,6,경기도,0.1
2016,6,충청북도,0.02
2016,6,경기도,0.1
2016,6,강원도,0.2
2016,6,강원도,0.1
2016,6,강원도,0.01
2016,6,강원도,0.1
2016,6,충청남도,0.05
2016,6,경기도,0.6
2016,6,경기도,0.49
2016,6,경기도,0.06
2016,6,충청북도,0.02
2016,6,강원도,0.1
2016,6,경상북도,0.1
2016,6,강원도,0.01
2016,6,강원도,0.3
2016,6,강원도,0.1
2016,6,강원도,0.5
2016,6,충청북도,0.03
2016,6,경상북도,0.1
2016,6,경기도,0.1
2016,5,강원도,1
2016,5,경상북도,0.05
2016,5,경기도,0.01
2016,5,충청북도,1
2016,5,경상북도,0.05
2016,5,충청북도,13
2016,5,강원도,0.05
2016,5,강원도,0.01
2016,5,경기도,0.17
2016,5,강원도,0.08
2016,5,전라남도,0.01
2016,5,강원도,0.05
2016,5,강원도,0.1
2016,5,강원도,2
2016,5,경기도,0.13
2016,5,강원도,0.3
2016,5,강원도,0.05
2016,5,강원도,0.2
2016,5,경상북도,0.4
2016,5,강원도,0.03
2016,5,강원도,0.01
2016,4,강원도,0.03
2016,4,경기도,0.01
2016,4,경기도,0.1
2016,4,경기도,1.3
2016,4,강원도,0.09
2016,4,경상북도,0.02
2016,4,경기도,0.03
2016,4,강원도,0.37
2016,4,경상남도,0.01
2016,4,강원도,0.2
2016,4,경기도,0.01
2016,4,전라북도,0.03
2016,4,경기도,0.1
2016,4,경기도,0.7
2016,4,경기도,0.08
2016,4,경기도,0.03
2016,4,경기도,0.01
2016,4,경기도,0.5
2016,4,전라남도,0.01
2016,4,경기도,0.06
2016,4,강원도,0.7
2016,4,경기도,0.35
2016,4,경기도,0.09
2016,4,경기도,0.02
2016,4,전라남도,0.01
2016,4,경기도,0.1
2016,4,경기도,2
2016,4,경기도,0.06
2016,4,강원도,0.08
2016,4,경기도,0.5
2016,4,경기도,0.16
2016,4,강원도,0.8
2016,4,경기도,0.1
2016,4,경기도,0.6
2016,4,전라북도,0.01
2016,4,경기도,0.5
2016,4,강원도,0.05
2016,4,경기도,0.5
2016,4,충청북도,0.1
2016,4,경상북도,0.1
2016,4,경기도,0.16
2016,4,충청북도,53.8
2016,4,경기도,0.2
2016,4,경기도,0.2
2016,4,강원도,0.01
2016,4,경기도,0.39
2016,4,충청남도,0.08
2016,4,경기도,0.2
2016,4,경상북도,66.5
2016,4,강원도,4.6
2016,4,충청북도,0.4
2016,4,경기도,0.01
2016,4,강원도,1
2016,4,충청남도,4.8
2016,4,경기도,7
2016,4,경기도,1
2016,4,충청북도,4.7
2016,4,강원도,3.9
2016,4,충청남도,0.2
2016,4,전라남도,0.1
2016,4,충청남도,0.02
2016,4,충청남도,0.03
2016,4,경기도,2
2016,4,전라북도,0.01
2016,4,경상북도,0.01
2016,4,전라남도,0.02
2016,4,전라남도,0.3
2016,4,충청남도,0.05
2016,4,충청남도,0.1
2016,4,충청북도,4
2016,4,전라남도,0.02
2016,4,강원도,0.5
2016,4,전라북도,0.2
2016,4,경상남도,0.06
2016,4,경상남도,0.05
2016,4,충청북도,0.3
2016,4,경기도,0.3
2016,4,충청북도,0.03
2016,4,경기도,0.3
2016,4,충청남도,0.2
2016,4,경기도,1
2016,4,강원도,14.4
2016,4,전라북도,0.3
2016,4,경기도,2.6
2016,4,강원도,0.2
2016,4,강원도,0.2
2016,3,경상남도,0.05
2016,3,경기도,0.06
2016,3,경기도,0.4
2016,3,전라남도,0.02
2016,3,경기도,0.5
2016,3,경기도,0.1
2016,3,강원도,1.5
2016,3,경기도,8.3
2016,3,경상북도,0.02
2016,3,경기도,0.01
2016,3,충청북도,0.03
2016,3,충청남도,0.05
2016,3,경상북도,92.6
2016,3,경기도,0.1
2016,3,경상북도,0.4
2016,3,경기도,0.8
2016,3,경기도,0.1
2016,3,충청북도,0.05
2016,3,충청남도,0.5
2016,3,충청북도,0.03
2016,3,전라북도,0.01
2016,3,경기도,1
2016,3,경상남도,0.5
2016,3,강원도,0.03
2016,3,경기도,0.02
2016,3,경기도,0.04
2016,3,충청남도,0.01
2016,3,경기도,0.2
2016,3,충청북도,0.03
2016,3,경기도,0.2
2016,3,경상남도,0.5
2016,3,경기도,0.1
2016,3,경기도,0.3
2016,3,경기도,0.1
2016,3,강원도,2
2016,3,전라북도,0.05
2016,3,경상북도,0.6
2016,3,전라남도,0.01
2016,3,경기도,0.07
2016,3,경상북도,0.7
2016,3,경기도,0.9
2016,3,경기도,0.01
2016,3,경기도,0.09
2016,3,경상북도,0.2
2016,3,전라북도,0.1
2016,3,강원도,0.3
2016,3,전라남도,0.01
2016,3,경상북도,0.03
2016,3,경기도,0.5
2016,3,경기도,0.2
2016,3,충청남도,0.06
2016,3,경상남도,0.03
2016,3,전라북도,0.2
2016,3,강원도,0.09
2016,3,충청남도,0.06
2016,3,경기도,0.1
2016,3,강원도,0.03
2016,3,경기도,0.03
2016,3,경기도,0.1
2016,3,전라남도,0.01
2016,3,경기도,0.01
2016,3,경기도,0.6
2016,3,충청남도,0.2
2016,3,전라북도,0.1
2016,3,경기도,0.03
2016,3,경기도,0.2
2016,3,경상남도,0.03
2016,3,경기도,0.01
2016,3,경기도,0.33
2016,3,경기도,0.02
2016,3,경기도,0.6
2016,3,경기도,0.03
2016,3,강원도,0.6
2016,3,경기도,0.3
2016,3,경기도,0.1
2016,3,경상북도,0.05
2016,3,경상북도,0.4
2016,3,경상북도,1.5
2016,3,경기도,0.09
2016,3,전라북도,0.05
2016,3,전라남도,0.1
2016,3,경기도,0.6
2016,3,충청북도,0.3
2016,3,강원도,0.1
2016,3,강원도,0.6
2016,3,경상북도,0.3
2016,3,경기도,0.09
2016,3,경기도,0.06
2016,3,경상북도,0.22
2016,3,경기도,0.09
2016,3,경기도,2
2016,3,전라북도,0.2
2016,3,충청남도,0.1
2016,3,경기도,0.1
2016,3,경기도,0.2
2016,3,강원도,0.04
2016,3,경기도,0.03
2016,3,강원도,0.02
2016,3,경기도,0.3
2016,3,강원도,0.1
2016,3,전라남도,0.01
2016,3,충청남도,0.01
2016,3,경기도,0.2
2016,3,경상북도,0.1
2016,3,경상북도,0.1
2016,3,경기도,0.8
2016,3,강원도,0.1
2016,3,강원도,0.1
2016,3,경기도,0.1
2016,3,강원도,0.03
2016,3,경기도,0.06
2016,3,경상남도,0.05
2016,3,경상북도,0.1
2016,3,경상북도,0.01
2016,3,강원도,0.1
2016,3,경상남도,0.1
2016,2,경상북도,0.03
2016,2,경기도,0.01
2016,2,경기도,0.01
2016,2,강원도,0.05
2016,2,강원도,0.01
2016,2,경상남도,0.03
2016,2,경기도,2.7
2016,2,경기도,0.48
2016,2,경기도,0.17
2016,2,경상남도,0.7
2016,2,강원도,0.03
2016,2,경상북도,0.5
2016,2,강원도,0.5
2016,2,강원도,1
2016,2,경상북도,0.01
2016,2,강원도,0.3
2016,2,경상남도,0.01
2016,2,경기도,0.1
2016,2,경기도,0.01
2016,2,강원도,0.3
2016,2,경상남도,0.3
2016,2,경상남도,0.03
2016,2,강원도,0.8
2016,2,경기도,0.2
2016,2,경기도,0.1
2016,2,경기도,0.8
2016,2,경기도,0.01
2016,2,경상북도,0.2
2016,2,경기도,0.6
2016,2,강원도,0.02
2016,2,경기도,0.5
2016,2,경기도,0.6
2016,2,경기도,0.01
2016,2,경상북도,0.03
2016,2,경기도,0.2
2016,2,경상북도,0.06
2016,2,경상남도,0.01
2016,2,경기도,0.1
2016,2,경상북도,0.15
2016,2,경상북도,0.01
2016,2,전라남도,0.2
2016,2,강원도,3
2016,2,경상북도,0.2
2016,2,전라남도,0.15
2016,2,전라남도,0.01
2016,2,경상북도,1.5
2016,2,경기도,0.02
2016,2,경기도,0.01
2016,2,경기도,0.13
2016,2,경기도,0.01
2016,2,강원도,0.8
2016,2,경기도,0.5
2016,2,경상북도,0.1
2016,2,강원도,1
2016,2,강원도,0.05
2016,2,경기도,0.15
2016,2,경기도,0.01
2016,2,전라남도,0.01
2016,2,경기도,0.15
2016,2,강원도,0.3
2016,2,경기도,0.5
2016,2,강원도,0.01
2016,1,강원도,0.05
2016,1,경기도,0.3
2016,1,강원도,0.03
2016,1,강원도,0.05
2016,1,경기도,0.01
2016,1,강원도,0.15
2016,1,경기도,0.7
2016,1,강원도,0.03
2016,1,강원도,0.1
2016,1,강원도,0.3
2016,1,경기도,0.09
2016,1,경기도,0.01
2016,1,전라남도,0.3
2016,1,경기도,0.04
2016,1,경기도,0.1
2016,1,강원도,0.01
2016,1,경상남도,0.2
2016,1,경상북도,0.01
2016,1,강원도,3
2016,1,경기도,0.2
2016,1,경상북도,0.01
2016,1,경기도,0.33
2016,1,경기도,0.5
2016,1,경기도,0.06
2016,1,강원도,0.03
2016,1,강원도,0.05
2016,1,경상북도,0.1
2016,1,경기도,0.33
2016,1,경기도,0.03
2016,1,경기도,0.2
2016,1,경상북도,0.3
2016,1,경상북도,0.2
2016,1,경상북도,0.3
2016,1,강원도,0.06
2016,1,경기도,0.1
2016,1,경상북도,0.5
2015,12,경상북도,0.1
2015,12,경상남도,0.2
2015,12,경상북도,0.8
2015,12,강원도,0.01
2015,12,강원도,0.01
2015,12,강원도,0.1
2015,12,강원도,0.03
2015,12,충청남도,0.03
2015,11,경상북도,0.5
2015,11,강원도,0.2
2015,11,경상남도,0.03
2015,11,경기도,0.3
2015,11,경상북도,0.01
2015,11,강원도,0.3
2015,11,강원도,0.03
2015,11,강원도,0.1
2015,10,경상북도,0.2
2015,10,경상남도,0.01
2015,10,전라북도,0.1
2015,10,경상남도,0.21
2015,10,전라북도,0.15
2015,10,경상남도,0.01
2015,10,강원도,0.1
2015,10,경상북도,0.1
2015,10,충청남도,0.05
2015,10,전라북도,0.1
2015,10,경상북도,0.1
2015,10,충청북도,0.1
2015,10,강원도,0.5
2015,10,경상북도,0.01
2015,10,경상북도,0.1
2015,10,경상남도,0.1
2015,10,경상북도,0.1
2015,10,전라남도,1
2015,10,경상북도,0.1
2015,10,경기도,0.3
2015,10,강원도,0.05
2015,10,강원도,0.8
2015,10,강원도,0.05
2015,10,경상남도,0.02
2015,10,충청북도,0.02
2015,10,경상남도,0.12
2015,10,경상남도,0.26
2015,10,강원도,0.01
2015,10,경기도,0.1
2015,10,경상북도,0.5
2015,10,경상북도,0.2
2015,10,경기도,0.03
2015,10,경상북도,0.02
2015,10,경상북도,0.01
2015,10,전라북도,0.02
2015,10,경기도,0.01
2015,10,강원도,0.1
2015,10,경상북도,0.5
2015,10,경기도,0.2
2015,10,충청남도,0.03
2015,10,경상북도,0.2
2015,9,충청남도,0.1
2015,9,충청남도,0.01
2015,9,충청남도,0.6
2015,9,강원도,0.05
2015,9,경기도,0.01
2015,9,경상북도,0.2
2015,9,경기도,0.1
2015,9,경기도,0.01
2015,9,충청남도,0.5
2015,9,경기도,0.2
2015,9,충청북도,0.02
2015,9,경기도,0.01
2015,9,충청남도,0.01
2015,9,강원도,0.01
2015,9,충청남도,0.05
2015,9,강원도,0.01
2015,9,경기도,0.01
2015,9,경기도,0.2
2015,9,강원도,0.03
2015,9,경기도,0.01
2015,9,경기도,0.1
2015,9,경상북도,0.3
2015,9,충청남도,0.05
2015,9,경기도,0.02
2015,9,전라북도,0.01
2015,9,경상북도,0.1
2015,9,충청남도,0.1
2015,9,경기도,0.01
2015,9,경기도,0.49
2015,9,경상북도,0.06
2015,9,경기도,0.06
2015,9,경기도,0.07
2015,9,충청남도,0.5
2015,8,전라남도,0.01
2015,8,경기도,0.03
2015,8,경기도,0.1
2015,8,충청남도,0.03
2015,8,경상남도,0.05
2015,8,전라남도,0.1
2015,8,경상북도,0.1
2015,8,경상북도,0.03
2015,7,경상북도,0.1
2015,7,충청북도,0.1
2015,7,충청북도,0.3
2015,7,충청북도,0.1
2015,6,경기도,0.12
2015,6,강원도,0.1
2015,6,경기도,0.02
2015,6,전라남도,0.12
2015,6,충청북도,1.1
2015,6,경상북도,0.03
2015,6,강원도,0.05
2015,6,전라남도,0.8
2015,6,경상북도,0.07
2015,6,강원도,0.02
2015,6,충청북도,0.1
2015,6,충청북도,0.05
2015,6,경상남도,0.02
2015,6,강원도,0.01
2015,6,경상북도,0.01
2015,6,경상북도,0.03
2015,6,충청북도,0.02
2015,6,경상북도,0.1
2015,6,전라남도,0.2
2015,6,경상북도,0.5
2015,6,전라남도,0.5
2015,6,전라북도,0.03
2015,6,충청남도,0.01
2015,6,경상북도,0.05
2015,6,강원도,0.1
2015,6,경기도,0.01
2015,6,강원도,0.5
2015,6,강원도,0.4
2015,6,강원도,0.25
2015,6,강원도,1.9
2015,6,경상북도,0.1
2015,6,경상북도,0.1
2015,6,강원도,0.01
2015,6,경상북도,0.05
2015,6,충청남도,0.01
2015,6,경기도,0.01
2015,6,경기도,0.3
2015,6,경기도,0.01
2015,6,경상남도,0.01
2015,6,경기도,0.5
2015,6,전라북도,0.1
2015,6,전라북도,0.05
2015,6,강원도,0.01
2015,6,경기도,0.03
2015,6,경기도,0.05
2015,6,경기도,0.5
2015,6,충청남도,0.03
2015,6,경기도,0.01
2015,6,경상북도,0.01
2015,6,전라북도,0.1
2015,6,강원도,0.02
2015,6,경상북도,0.01
2015,6,경기도,0.06
2015,6,경상북도,0.5
2015,6,강원도,0.06
2015,6,경상북도,0.03
2015,6,충청남도,0.6
2015,6,경상북도,0.1
2015,6,충청남도,0.05
2015,6,강원도,0.4
2015,6,강원도,1
2015,6,충청북도,0.02
2015,6,경상북도,0.16
2015,6,경기도,0.3
2015,6,강원도,2
2015,6,경기도,5
2015,6,경기도,0.09
2015,6,경상북도,3
2015,6,경상남도,0.3
2015,6,강원도,1
2015,6,경기도,0.05
2015,6,경기도,0.04
2015,6,강원도,0.5
2015,6,경기도,0.02
2015,6,강원도,0.1
2015,6,경상남도,0.03
2015,6,경기도,1.5
2015,6,경기도,0.09
2015,6,경상북도,0.1
2015,6,강원도,0.09
2015,6,경기도,0.3
2015,6,경기도,0.03
2015,6,경기도,0.06
2015,6,경기도,0.01
2015,6,경기도,0.3
2015,6,경기도,0.3
2015,6,경기도,0.01
2015,6,경기도,0.6
2015,5,강원도,0.2
2015,5,강원도,0.15
2015,5,경상북도,0.01
2015,5,강원도,0.06
2015,5,강원도,0.03
2015,5,강원도,1.3
2015,5,경기도,0.75
2015,5,강원도,0.25
2015,5,경상북도,0.01
2015,5,경기도,0.01
2015,5,경기도,0.1
2015,5,경기도,0.01
2015,5,경기도,0.03
2015,5,강원도,0.3
2015,5,경상남도,3
2015,5,경기도,0.7
2015,5,경기도,0.01
2015,5,경기도,0.4
2015,5,경상남도,0.04
2015,5,충청남도,0.01
2015,5,경상북도,1.5
2015,5,경기도,0.1
2015,5,충청남도,0.01
2015,5,경기도,0.23
2015,5,경기도,0.3
2015,5,전라북도,0.1
2015,5,경상북도,0.4
2015,5,경상북도,0.03
2015,5,경기도,0.01
2015,5,충청북도,0.5
2015,5,충청북도,0.05
2015,5,전라남도,0.1
2015,5,경기도,0.01
2015,5,경기도,0.19
2015,5,강원도,0.5
2015,5,경기도,0.1
2015,5,경기도,3
2015,5,경기도,0.2
2015,5,강원도,0.5
2015,5,경상남도,0.03
2015,5,경상북도,0.1
2015,5,경상북도,0.03
2015,5,충청남도,2
2015,5,충청남도,0.1
2015,5,강원도,0.7
2015,5,강원도,0.04
2015,5,강원도,0.01
2015,5,강원도,1
2015,5,강원도,3.14
2015,5,경기도,0.02
2015,5,충청남도,0.01
2015,5,경기도,0.02
2015,5,경기도,0.5
2015,5,강원도,0.2
2015,5,강원도,0.3
2015,5,충청남도,0.08
2015,5,경기도,0.2
2015,5,강원도,0.1
2015,5,충청북도,0.05
2015,5,강원도,0.1
2015,5,충청북도,0.1
2015,5,경기도,0.01
2015,5,강원도,0.1
2015,5,강원도,0.01
2015,5,강원도,0.01
2015,5,경기도,0.03
2015,5,경상북도,0.1
2015,5,경기도,1
2015,5,강원도,0.01
2015,5,강원도,0.1
2015,5,강원도,0.2
2015,5,강원도,0.01
2015,5,강원도,0.02
2015,5,강원도,0.03
2015,5,경상북도,0.01
2015,5,경기도,0.01
2015,4,강원도,1.7
2015,4,경기도,0.02
2015,4,강원도,4.6
2015,4,경기도,0.01
2015,4,경기도,0.5
2015,4,전라북도,0.2
2015,4,전라북도,0.3
2015,4,경기도,1
2015,4,충청북도,1.6
2015,4,경기도,1
2015,4,충청북도,0.01
2015,4,경상북도,0.1
2015,4,강원도,0.2
2015,4,충청북도,0.01
2015,4,경기도,0.01
2015,4,충청북도,2
2015,4,강원도,0.2
2015,4,충청남도,0.01
2015,4,전라남도,1.8
2015,4,경상남도,0.03
2015,4,경기도,0.5
2015,4,경기도,0.05
2015,4,경기도,0.12
2015,4,경기도,1
2015,4,전라남도,0.2
2015,4,경기도,3
2015,4,전라남도,0.3
2015,4,강원도,0.3
2015,4,강원도,1
2015,4,경상북도,0.01
2015,4,강원도,0.5
2015,4,경상남도,0.03
2015,4,경상북도,0.01
2015,4,경상남도,0.06
2015,4,경상북도,0.01
2015,4,충청북도,0.2
2015,4,경기도,0.06
2015,4,강원도,0.3
2015,4,경기도,0.01
2015,4,강원도,0.2
2015,4,경기도,1.65
2015,4,경기도,0.01
2015,4,경기도,0.03
2015,4,강원도,0.06
2015,4,경기도,0.17
2015,4,경기도,0.07
2015,4,경기도,0.01
2015,4,강원도,0.01
2015,4,경기도,0.01
2015,3,경기도,0.2
2015,3,경상남도,0.12
2015,3,강원도,0.1
2015,3,전라남도,0.05
2015,3,경기도,0.01
2015,3,경기도,0.01
2015,3,전라남도,0.03
2015,3,강원도,0.03
2015,3,충청북도,0.05
2015,3,전라남도,0.05
2015,3,전라남도,0.3
2015,3,강원도,0.05
2015,3,전라남도,0.02
2015,3,충청북도,0.06
2015,3,경상남도,0.02
2015,3,경상북도,2
2015,3,강원도,11.1
2015,3,경기도,1.2
2015,3,경기도,0.01
2015,3,경상남도,0.2
2015,3,전라북도,0.2
2015,3,충청북도,0.04
2015,3,전라남도,0.03
2015,3,경기도,0.16
2015,3,경상북도,0.1
2015,3,경기도,0.05
2015,3,경기도,0.1
2015,3,경상북도,0.01
2015,3,경기도,0.02
2015,3,경상북도,0.1
2015,3,경기도,0.01
2015,3,경기도,0.02
2015,3,경상북도,0.2
2015,3,강원도,0.03
2015,3,강원도,0.9
2015,3,전라남도,0.01
2015,3,경기도,0.12
2015,3,경기도,0.01
2015,3,경기도,0.01
2015,3,충청남도,0.05
2015,3,충청북도,0.03
2015,3,강원도,1.5
2015,3,강원도,0.8
2015,3,강원도,0.05
2015,3,강원도,4.8
2015,3,경기도,0.02
2015,3,강원도,0.6
2015,3,강원도,0.06
2015,3,강원도,0.8
2015,3,전라남도,0.1
2015,3,경기도,0.01
2015,3,전라남도,0.01
2015,3,경기도,0.01
2015,3,강원도,0.1
2015,3,경기도,0.05
2015,3,강원도,0.2
2015,3,경기도,0.02
2015,3,경기도,3.3
2015,3,경기도,0.2
2015,3,경기도,0.01
2015,3,전라남도,0.01
2015,3,경기도,0.01
2015,3,전라북도,0.2
2015,3,경기도,0.15
2015,3,경기도,0.01
2015,3,경기도,0.05
2015,3,경기도,0.3
2015,3,전라남도,0.03
2015,3,경상북도,0.01
2015,3,경상북도,0.1
2015,3,경상남도,0.5
2015,3,강원도,37.1
2015,3,강원도,3
2015,3,경기도,0.01
2015,3,경기도,0.01
2015,3,경상북도,0.17
2015,3,강원도,0.1
2015,3,경기도,0.01
2015,3,경기도,0.01
2015,3,경기도,0.2
2015,3,강원도,10.8
2015,3,전라남도,0.01
2015,3,경상북도,0.01
2015,3,경기도,0.02
2015,3,경기도,4.9
2015,3,경기도,0.29
2015,3,경기도,0.01
2015,3,강원도,0.3
2015,3,충청북도,0.04
2015,3,강원도,67.3
2015,3,경기도,2
2015,3,경기도,0.02
2015,3,경기도,0.01
2015,3,경기도,0.02
2015,3,강원도,0.1
2015,3,전라남도,0.03
2015,3,전라남도,0.01
2015,3,경기도,0.1
2015,3,경기도,2
2015,3,경기도,50.7
2015,3,전라남도,0.1
2015,3,경기도,0.2
2015,3,경기도,0.01
2015,3,경기도,0.5
2015,3,경기도,0.15
2015,3,경기도,0.01
2015,3,경상북도,0.03
2015,3,경상남도,0.01
2015,3,경기도,0.02
2015,3,경상북도,0.03
2015,3,경기도,0.01
2015,3,경기도,0.02
2015,3,경상북도,0.2
2015,3,경기도,0.01
2015,3,경기도,0.05
2015,3,강원도,0.3
2015,3,충청남도,0.01
2015,3,경기도,0.05
2015,3,경기도,0.01
2015,3,경기도,0.2
2015,3,경기도,0.01
2015,3,경기도,0.01
2015,3,경기도,0.01
2015,3,경기도,0.05
2015,3,경기도,0.04
2015,3,강원도,0.1
2015,3,경기도,0.17
2015,3,경기도,0.01
2015,3,경기도,0.17
2015,3,강원도,0.02
2015,3,경상북도,0.02
2015,3,강원도,1.92
2015,3,경상남도,0.3
2015,3,전라남도,0.02
2015,3,경기도,0.01
2015,3,전라남도,0.02
2015,3,전라남도,0.07
2015,3,전라남도,0.03
2015,3,충청남도,0.2
2015,3,경상북도,0.1
2015,3,강원도,0.5
2015,3,경기도,0.02
2015,3,경상북도,0.03
2015,3,전라북도,0.15
2015,3,전라남도,0.1
2015,3,경상남도,0.03
2015,3,전라북도,0.03
2015,3,경상북도,0.1
2015,3,경기도,0.02
2015,3,경상남도,0.2
2015,3,경기도,0.01
2015,3,강원도,1.5
2015,3,경기도,0.03
2015,3,경기도,0.02
2015,3,전라남도,0.1
2015,3,경상북도,0.03
2015,3,경기도,0.07
2015,3,강원도,0.2
2015,3,경기도,0.01
2015,3,경기도,0.2
2015,3,경기도,0.01
2015,3,경기도,0.01
2015,3,충청남도,0.15
2015,3,경기도,0.01
2015,3,전라남도,0.01
2015,3,강원도,0.8
2015,3,경상북도,0.1
2015,3,경상북도,0.1
2015,3,강원도,0.07
2015,3,경기도,0.4
2015,3,경기도,0.05
2015,3,경기도,0.01
2015,3,강원도,0.02
2015,3,충청북도,0.02
2015,3,경기도,0.8
2015,3,경상북도,0.1
2015,3,충청남도,0.3
2015,3,경기도,0.01
2015,3,경기도,0.05
2015,3,경상북도,1
2015,3,경기도,0.01
2015,3,전라남도,0.02
2015,3,충청남도,0.1
2015,3,전라남도,0.01
2015,3,전라남도,0.01
2015,3,경기도,0.06
2015,3,경상북도,2
2015,3,경상북도,0.1
2015,3,경상남도,0.25
2015,3,경기도,0.01
2015,3,강원도,0.03
2015,3,강원도,0.1
2015,3,경상북도,0.3
2015,3,경상남도,0.4
2015,3,충청남도,0.9
2015,3,충청남도,0.3
2015,3,전라북도,0.02
2015,3,경기도,0.02
2015,3,경상남도,3.03
2015,3,충청북도,0.02
2015,3,경상북도,0.01
2015,3,전라남도,0.01
2015,3,경기도,0.01
2015,3,경상북도,0.01
2015,3,경상북도,10
2015,3,경기도,0.05
2015,3,경상북도,0.3
2015,3,경기도,0.05
2015,3,경상북도,0.1
2015,3,경상북도,1
2015,3,전라북도,1.2
2015,3,경상남도,0.04
2015,3,경기도,0.2
2015,3,경기도,0.05
2015,3,강원도,0.4
2015,3,충청북도,0.05
2015,3,강원도,0.01
2015,3,경상남도,0.1
2015,3,경상북도,0.1
2015,3,경기도,0.1
2015,3,경기도,0.05
2015,3,충청남도,0.06
2015,3,강원도,0.1
2015,3,경기도,0.01
2015,3,경기도,0.13
2015,3,경기도,0.07
2015,3,전라남도,5
2015,3,강원도,0.9
2015,3,강원도,0.1
2015,3,전라남도,0.02
2015,3,전라남도,0.05
2015,3,전라북도,0.08
2015,3,강원도,0.2
2015,3,경기도,0.01
2015,3,경기도,0.03
2015,3,전라남도,0.04
2015,3,경기도,0.01
2015,3,경기도,0.1
2015,3,경기도,0.01
2015,3,경기도,0.01
2015,3,경상북도,0.9
2015,3,경기도,0.1
2015,3,전라북도,0.05
2015,3,전라남도,0.02
2015,3,경상북도,0.01
2015,3,충청북도,0.05
2015,3,경상북도,0.09
2015,3,전라남도,0.1
2015,3,강원도,7
2015,3,강원도,0.01
2015,3,경기도,0.3
2015,3,경기도,0.01
2015,2,전라남도,0.5
2015,2,경기도,0.05
2015,2,경기도,0.01
2015,2,충청남도,1
2015,2,경상북도,0.1
2015,2,경기도,0.01
2015,2,강원도,0.2
2015,2,경기도,0.06
2015,2,경상남도,0.01
2015,2,충청남도,0.08
2015,2,경상북도,0.2
2015,2,경기도,0.3
2015,2,경상북도,0.1
2015,2,경상남도,0.05
2015,2,경기도,0.02
2015,2,충청북도,0.05
2015,2,경기도,0.01
2015,2,전라남도,0.3
2015,2,경기도,0.06
2015,2,경상남도,0.01
2015,2,경기도,0.01
2015,2,충청북도,0.26
2015,2,경기도,0.01
2015,2,전라남도,0.01
2015,2,강원도,1
2015,2,경상북도,2
2015,2,경기도,0.01
2015,2,경상북도,0.01
2015,2,경상북도,0.2
2015,2,경상북도,0.1
2015,2,경상북도,0.01
2015,2,경상북도,0.05
2015,2,경기도,0.03
2015,2,강원도,52
2015,2,경상북도,0.01
2015,2,경상북도,0.4
2015,2,경상남도,0.06
2015,2,전라북도,0.02
2015,2,경기도,0.05
2015,2,강원도,0.1
2015,1,경기도,0.13
2015,1,전라남도,0.07
2015,1,전라남도,0.02
2015,1,전라남도,0.2
2015,1,경상북도,0.19
2015,1,경상남도,0.02
2015,1,경상북도,0.61
2015,1,전라남도,0.03
2015,1,경상북도,0.01
2015,1,경기도,0.03
2015,1,경상북도,2.2
2015,1,강원도,0.2
2015,1,강원도,0.16
2015,1,전라남도,0.02
2015,1,경상북도,0.05
2015,1,경상남도,0.5
2014,12,경상북도,0.3
2014,12,전라남도,0.01
2014,12,강원도,0.05
2014,12,경기도,0.01
2014,11,강원도,1
2014,11,경기도,0.01
2014,11,경상남도,0.05
2014,11,경기도,0.01
2014,11,경기도,0.08
2014,11,경기도,0.1
2014,11,경상북도,0.2
2014,11,경상남도,0.5
2014,11,강원도,0.05
2014,11,경상남도,0.2
2014,11,전라남도,0.01
2014,11,경기도,0.01
2014,11,경기도,0.06
2014,11,경기도,0.01
2014,11,경기도,0.07
2014,11,강원도,0.01
2014,11,경기도,0.03
2014,11,경기도,0.02
2014,11,경기도,0.03
2014,10,강원도,0.5
2014,10,강원도,0.7
2014,10,전라남도,0.01
2014,10,강원도,0.02
2014,10,전라남도,0.05
2014,10,경기도,0.3
2014,10,전라북도,0.05
2014,10,경기도,0.5
2014,10,경기도,0.1
2014,10,경기도,0.02
2014,10,충청남도,0.15
2014,10,충청남도,0.01
2014,10,경상남도,0.2
2014,10,경상북도,0.01
2014,10,경상남도,0.01
2014,10,경상북도,0.1
2014,9,경기도,0.04
2014,9,전라남도,0.01
2014,9,강원도,0.25
2014,9,충청북도,0.01
2014,7,경상북도,0.01
2014,7,경상북도,0.2
2014,7,경상북도,0.2
2014,7,강원도,0.01
2014,7,경기도,0.6
2014,7,경기도,0.01
2014,7,경기도,0.01
2014,7,경기도,0.09
2014,7,경기도,0.01
2014,7,경상북도,0.01
2014,7,전라북도,0.01
2014,6,경상남도,0.09
2014,6,전라남도,0.4
2014,6,경상남도,0.01
2014,6,강원도,0.19
2014,6,경상남도,0.08
2014,6,강원도,0.05
2014,6,전라북도,0.03
2014,6,강원도,0.01
2014,6,충청북도,0.01
2014,6,경상북도,0.1
2014,6,경기도,0.01
2014,6,강원도,0.1
2014,6,경상북도,0.1
2014,5,충청북도,0.01
2014,5,강원도,0.9
2014,5,충청북도,0.18
2014,5,경상북도,0.15
2014,5,충청남도,0.5
2014,5,전라북도,0.1
2014,5,강원도,0.25
2014,5,경기도,0.1
2014,5,경상북도,0.03
2014,5,경기도,0.02
2014,5,강원도,0.1
2014,5,경상북도,0.1
2014,5,경상북도,0.6
2014,5,경상북도,0.2
2014,5,강원도,0.3
2014,5,경상북도,0.7
2014,5,경상북도,0.1
2014,5,경기도,0.01
2014,5,경상북도,0.1
2014,5,경상북도,0.02
2014,5,경상북도,0.2
2014,5,경기도,0.05
2014,5,경상남도,0.06
2014,5,전라남도,0.2
2014,5,충청북도,0.02
2014,5,경기도,0.01
2014,5,전라북도,0.06
2014,5,경상북도,0.01
2014,5,경상남도,0.1
2014,5,충청북도,0.1
2014,5,전라남도,0.1
2014,5,강원도,0.1
2014,5,강원도,0.5
2014,5,경상남도,0.1
2014,5,강원도,0.03
2014,5,전라북도,0.01
2014,5,경상북도,0.1
2014,5,전라남도,0.5
2014,5,경기도,0.3
2014,5,경상남도,0.1
2014,5,강원도,0.5
2014,5,경상남도,0.02
2014,5,경상남도,0.3
2014,5,강원도,0.3
2014,5,경기도,0.04
2014,5,전라남도,0.03
2014,5,경상남도,0.03
2014,5,전라남도,0.5
2014,5,경기도,0.1
2014,5,강원도,0.3
2014,5,전라남도,0.03
2014,5,강원도,0.05
2014,5,강원도,0.1
2014,5,전라남도,1.3
2014,5,경상북도,0.2
2014,4,강원도,0.01
2014,4,충청북도,0.05
2014,4,충청남도,0.2
2014,4,강원도,0.1
2014,4,경상북도,1
2014,4,경기도,0.16
2014,4,강원도,0.1
2014,4,강원도,0.3
2014,4,전라남도,0.07
2014,4,강원도,0.1
2014,4,충청북도,0.3
2014,4,경상북도,0.5
2014,4,전라남도,0.01
2014,4,강원도,0.04
2014,4,충청남도,0.2
2014,4,충청북도,0.1
2014,4,경기도,0.01
2014,4,강원도,0.5
2014,4,전라남도,0.01
2014,4,강원도,0.9
2014,4,강원도,0.06
2014,4,전라남도,0.07
2014,4,강원도,0.05
2014,4,경상북도,14.3
2014,4,강원도,1
2014,4,강원도,0.4
2014,4,강원도,2.5
2014,4,경기도,0.02
2014,4,경기도,0.06
2014,4,충청남도,0.3
2014,4,전라남도,0.03
2014,4,경기도,0.08
2014,4,경상북도,0.2
2014,4,경기도,0.01
2014,4,전라남도,0.05
2014,4,충청남도,0.01
2014,4,충청남도,0.09
2014,4,충청북도,0.05
2014,4,전라북도,0.1
2014,4,강원도,0.03
2014,4,경상북도,0.01
2014,4,전라남도,0.1
2014,4,경기도,0.04
2014,4,경기도,1.15
2014,4,경기도,0.01
2014,4,전라북도,0.03
2014,4,경기도,0.3
2014,4,충청남도,0.3
2014,4,강원도,0.2
2014,4,경기도,0.1
2014,4,전라남도,0.03
2014,4,경기도,0.3
2014,4,강원도,0.05
2014,4,강원도,0.09
2014,4,전라북도,0.2
2014,4,강원도,0.1
2014,4,경기도,0.3
2014,4,충청남도,0.3
2014,4,경기도,0.01
2014,4,경기도,0.01
2014,4,강원도,0.2
2014,4,충청남도,0.5
2014,4,충청남도,0.05
2014,4,경기도,0.01
2014,4,강원도,0.03
2014,4,경상북도,0.02
2014,4,강원도,0.09
2014,4,경상남도,0.3
2014,4,경기도,0.6
2014,4,경기도,0.01
2014,4,충청북도,0.2
2014,4,전라북도,0.5
2014,4,경기도,0.02
2014,4,경상북도,0.05
2014,4,전라남도,0.01
2014,4,경상북도,0.1
2014,4,경상북도,3.5
2014,4,경상북도,0.5
2014,4,경상남도,0.05
2014,4,경기도,0.03
2014,4,경기도,0.02
2014,4,경상북도,0.2
2014,4,충청남도,0.05
2014,4,충청북도,0.1
2014,4,충청남도,0.06
2014,4,경상북도,0.8
2014,4,충청남도,0.01
2014,4,경상남도,0.3
2014,4,경기도,0.5
2014,4,경상북도,0.2
2014,4,충청북도,0.2
2014,4,충청북도,0.05
2014,4,강원도,0.1
2014,4,경기도,0.15
2014,4,강원도,0.2
2014,4,경상북도,0.1
2014,4,강원도,0.1
2014,4,경상북도,0.03
2014,4,강원도,0.01
2014,4,전라남도,0.2
2014,4,경상남도,0.02
2014,4,강원도,0.03
2014,4,전라남도,0.01
2014,4,강원도,0.05
2014,4,전라남도,0.01
2014,4,경상남도,0.01
2014,4,경기도,0.1
2014,4,경상북도,0.3
2014,4,강원도,1.42
2014,4,전라남도,0.05
2014,4,경기도,0.02
2014,4,경기도,0.01
2014,4,경기도,0.1
2014,4,충청남도,0.01
2014,4,경상북도,0.2
2014,4,전라남도,0.02
2014,4,충청남도,0.01
2014,4,충청북도,0.2
2014,4,경기도,0.16
2014,4,전라남도,0.01
2014,4,경기도,0.1
2014,4,전라남도,0.1
2014,4,경상북도,0.2
2014,4,경기도,0.03
2014,4,전라북도,0.15
2014,4,전라북도,0.03
2014,4,경상북도,0.01
2014,4,전라남도,0.01
2014,4,전라남도,0.2
2014,4,전라남도,0.02
2014,4,전라북도,0.03
2014,4,경기도,0.17
2014,4,전라남도,1.5
2014,4,경기도,0.1
2014,4,경상남도,0.05
2014,4,경기도,0.01
2014,4,경기도,0.1
2014,4,전라북도,0.1
2014,4,충청남도,0.3
2014,4,경기도,0.01
2014,4,경상북도,0.05
2014,4,경기도,0.1
2014,4,경상북도,0.06
2014,4,경기도,0.08
2014,4,전라남도,0.3
2014,4,충청남도,0.05
2014,4,전라남도,0.03
2014,4,경상남도,0.1
2014,4,전라남도,0.5
2014,4,경기도,0.12
2014,4,경기도,0.02
2014,4,충청남도,1.8
2014,4,경기도,0.01
2014,4,경상남도,0.5
2014,4,경기도,0.25
2014,4,전라북도,0.05
2014,4,충청남도,0.2
2014,4,충청남도,0.03
2014,4,경상북도,0.05
2014,4,전라북도,0.03
2014,4,경상남도,0.01
2014,4,경상남도,0.02
2014,4,경기도,0.05
2014,4,강원도,0.2
2014,4,경상북도,0.03
2014,4,경기도,0.16
2014,3,경기도,0.03
2014,3,충청남도,0.45
2014,3,경기도,0.11
2014,3,경기도,0.06
2014,3,경기도,0.01
2014,3,경상북도,0.1
2014,3,강원도,0.15
2014,3,강원도,0.2
2014,3,강원도,0.03
2014,3,경상북도,0.01
2014,3,경기도,0.09
2014,3,강원도,0.3
2014,3,강원도,0.2
2014,3,전라남도,0.4
2014,3,경상북도,1.8
2014,3,경상북도,0.02
2014,3,경상북도,0.01
2014,3,전라남도,0.3
2014,3,경상북도,0.01
2014,3,경상북도,0.2
2014,3,전라남도,0.9
2014,3,경상북도,0.1
2014,3,경기도,0.1
2014,3,경상북도,0.1
2014,3,경상북도,0.1
2014,3,경상남도,0.2
2014,3,경상북도,0.1
2014,3,전라남도,0.4
2014,3,전라남도,0.08
2014,3,전라남도,0.5
2014,3,전라남도,0.2
2014,3,경상남도,0.01
2014,3,충청남도,0.1
2014,3,경상북도,0.01
2014,3,경상남도,0.01
2014,3,경상북도,0.06
2014,3,경상북도,0.1
2014,3,경상남도,0.16
2014,3,경상북도,0.5
2014,3,강원도,0.06
2014,3,전라남도,1.2
2014,3,경상북도,0.5
2014,3,전라북도,0.02
2014,3,전라남도,0.3
2014,3,경상남도,1.5
2014,3,충청남도,3
2014,3,경상북도,0.18
2014,3,경상북도,0.2
2014,3,충청남도,0.1
2014,3,전라남도,2
2014,3,경상북도,0.05
2014,3,전라남도,1.5
2014,3,경상북도,0.1
2014,3,경기도,0.05
2014,3,경상남도,0.1
2014,3,전라남도,1
2014,3,전라남도,0.1
2014,3,전라남도,0.3
2014,3,전라남도,0.3
2014,3,강원도,0.12
2014,3,경상남도,1
2014,3,경상북도,0.01
2014,3,경기도,0.04
2014,3,경상북도,11
2014,3,경상북도,0.15
2014,3,경상북도,0.03
2014,3,경기도,0.01
2014,3,전라남도,0.05
2014,3,강원도,0.2
2014,3,전라남도,1
2014,3,전라남도,0.2
2014,3,강원도,0.05
2014,3,전라남도,1.2
2014,3,전라북도,3
2014,3,강원도,2
2014,3,충청남도,0.1
2014,3,전라북도,0.3
2014,3,경상북도,0.02
2014,3,충청남도,0.05
2014,3,전라남도,0.05
2014,3,경상북도,0.03
2014,3,강원도,0.01
2014,3,충청남도,1.2
2014,3,경상북도,0.7
2014,3,충청북도,0.15
2014,3,경상북도,0.1
2014,3,전라남도,1.5
2014,3,전라북도,0.04
2014,3,경상북도,0.06
2014,3,충청북도,0.1
2014,3,전라북도,0.03
2014,3,강원도,0.06
2014,3,강원도,0.1
2014,3,경상북도,0.5
2014,3,경상북도,0.02
2014,3,충청남도,1.5
2014,3,경기도,0.03
2014,3,충청남도,0.66
2014,3,충청북도,0.01
2014,3,경기도,0.02
2014,3,경상북도,0.3
2014,2,경기도,0.2
2014,2,강원도,0.25
2014,2,충청남도,0.01
2014,2,전라북도,0.04
2014,2,경기도,0.5
2014,2,경상북도,0.1
2014,2,전라남도,0.1
2014,2,경상남도,0.02
2014,2,전라북도,0.2
2014,2,경상북도,0.01
2014,2,전라북도,0.05
2014,2,경상남도,0.15
2014,2,전라남도,0.5
2014,2,전라남도,0.1
2014,2,충청남도,0.01
2014,2,전라남도,1.5
2014,2,충청남도,0.1
2014,2,충청남도,1
2014,2,전라남도,0.3
2014,2,전라북도,0.1
2014,2,경기도,0.01
2014,2,경상북도,0.02
2014,2,경상남도,0.2
2014,2,경상남도,0.05
2014,2,전라남도,0.07
2014,2,경상남도,0.1
2014,2,전라남도,0.1
2014,2,경기도,0.06
2014,2,경상북도,0.05
2014,2,경상북도,0.02
2014,2,전라북도,0.02
2014,2,경상북도,0.01
2014,2,전라남도,0.1
2014,2,경상북도,0.1
2014,2,전라북도,0.2
2014,2,전라남도,0.2
2014,2,경상북도,0.01
2014,2,경상북도,0.01
2014,2,전라남도,1
2014,2,전라남도,0.5
2014,2,충청남도,0.03
2014,2,전라남도,0.15
2014,2,경상북도,0.1
2014,2,경상북도,0.01
2014,2,경상북도,0.05
2014,2,강원도,0.5
2014,2,경상북도,0.1
2014,2,전라북도,0.1
2014,2,경상북도,0.7
2014,2,경상북도,0.01
2014,2,경상북도,2.2
2014,2,경상북도,0.01
2014,2,경상북도,0.01
2014,2,경상북도,0.6
2014,1,경상북도,0.1
2014,1,경상북도,0.6
2014,1,경상북도,0.01
2014,1,경상북도,0.05
2014,1,경상북도,0.1
2014,1,전라남도,0.5
2014,1,경상북도,0.3
2014,1,경상북도,0.05
2014,1,경상북도,0.6
2014,1,경상북도,0.01
2014,1,경상북도,0.01
2014,1,경상북도,0.02
2014,1,경상북도,0.01
2014,1,경상북도,0.2
2014,1,경상남도,0.07
2014,1,경상북도,0.1
2014,1,경상남도,0.01
2014,1,경상북도,0.02
2014,1,경상남도,0.07
2014,1,경상남도,0.05
2014,1,경상남도,0.1
2014,1,경상남도,0.5
2014,1,경상북도,0.1
2014,1,경상북도,0.02
2014,1,경상북도,0.1
2014,1,경상북도,0.01
2014,1,강원도,0.02
2014,1,전라남도,0.2
2014,1,경상북도,0.01
2014,1,전라북도,0.1
2014,1,전라남도,0.1
2014,1,강원도,0.2
2014,1,강원도,0.1
2014,1,경상북도,0.2
2014,1,경상북도,0.1
2014,1,경상남도,0.16
2014,1,경상남도,0.5
2014,1,경상북도,0.1
2014,1,경상남도,0.01
2014,1,강원도,0.15
2014,1,경상북도,0.1
2014,1,경상북도,0.02
2014,1,경상북도,0.1
2014,1,전라남도,0.7
2014,1,경상남도,0.63
2014,1,경상북도,0.2
2014,1,경상남도,0.3
2014,1,경상남도,0.3
2014,1,경상남도,0.07
2013,12,경상남도,0.3
2013,12,전라남도,0.5
2013,12,전라북도,0.2
2013,12,전라남도,0.5
2013,12,경상남도,0.5
2013,12,경기도,0.1
2013,12,경상남도,0.03
2013,12,경상남도,0.25
2013,12,강원도,0.01
2013,12,경상북도,0.15
2013,12,강원도,0.03
2013,11,경상북도,0.05
2013,11,경상남도,0.01
2013,11,강원도,0.05
2013,11,경상북도,0.1
2013,11,경상북도,0.01
2013,11,경상북도,0.01
2013,11,강원도,0.01
2013,11,경상북도,0.1
2013,11,경상남도,0.01
2013,10,경상남도,0.02
2013,10,전라북도,0.1
2013,10,강원도,0.05
2013,10,경상남도,0.1
2013,10,충청남도,0.01
2013,10,경기도,0.01
2013,10,전라남도,3
2013,10,전라북도,0.01
2013,10,경상남도,0.02
2013,10,충청남도,0.02
2013,10,전라북도,0.1
2013,9,경상북도,0.01
2013,9,경상남도,0.01
2013,9,경상북도,0.1
2013,8,전라남도,0.7
2013,8,전라남도,0.3
2013,8,경상북도,0.1
2013,8,경상북도,0.1
2013,8,강원도,0.3
2013,8,강원도,0.5
2013,8,경상남도,0.02
2013,6,경기도,0.01
2013,6,강원도,0.01
2013,6,경기도,0.1
2013,6,충청북도,0.01
2013,6,강원도,0.02
2013,6,전라남도,0.03
2013,5,경상남도,0.01
2013,5,전라남도,0.2
2013,5,강원도,0.02
2013,5,강원도,0.05
2013,5,경상북도,0.01
2013,5,경상북도,0.01
2013,5,경상북도,0.1
2013,5,강원도,0.02
2013,5,경상북도,0.02
2013,5,경상남도,0.01
2013,5,강원도,0.1
2013,5,경상북도,0.1
2013,5,경상북도,13.8
2013,5,경상북도,0.3
2013,5,경상남도,0.2
2013,5,강원도,0.2
2013,5,강원도,0.01
2013,5,전라남도,0.15
2013,5,충청북도,1
2013,5,강원도,0.1
2013,5,전라남도,0.3
2013,5,전라남도,0.3
2013,5,경상북도,0.06
2013,5,경상북도,0.09
2013,5,강원도,0.5
2013,5,전라남도,1
2013,5,경상남도,0.03
2013,5,경상북도,0.03
2013,5,경상북도,0.3
2013,5,강원도,0.1
2013,4,강원도,0.8
2013,4,강원도,0.07
2013,4,강원도,0.3
2013,4,전라남도,0.1
2013,4,강원도,0.1
2013,4,경상남도,0.2
2013,4,강원도,0.1
2013,4,경상북도,0.01
2013,4,경기도,0.01
2013,4,전라북도,0.01
2013,4,충청남도,0.2
2013,4,충청북도,2
2013,4,전라남도,0.5
2013,4,경상북도,0.8
2013,4,전라남도,1
2013,4,전라북도,3
2013,4,전라북도,0.2
2013,4,경상북도,0.03
2013,4,경상북도,0.1
2013,4,충청남도,0.05
2013,4,충청남도,0.9
2013,4,충청남도,0.01
2013,4,충청남도,7
2013,4,전라남도,0.3
2013,4,경상남도,0.4
2013,4,경상북도,0.09
2013,4,전라북도,0.3
2013,4,충청남도,0.1
2013,4,충청남도,0.05
2013,4,충청남도,0.2
2013,4,경상북도,0.01
2013,4,경기도,0.4
2013,4,경기도,0.3
2013,4,경상북도,0.01
2013,4,경상남도,0.16
2013,4,충청북도,0.02
2013,4,전라북도,0.03
2013,4,충청남도,0.05
2013,4,경상남도,0.01
2013,4,경상남도,0.01
2013,4,전라북도,0.1
2013,4,전라북도,0.03
2013,4,충청남도,0.3
2013,4,경상북도,0.01
2013,4,전라남도,0.5
2013,4,전라남도,1.5
2013,4,경상남도,0.2
2013,4,전라남도,1
2013,4,경상북도,0.02
2013,4,충청북도,0.01
2013,4,전라남도,0.8
2013,4,경상북도,0.01
2013,4,충청남도,0.1
2013,4,전라남도,0.1
2013,4,경상북도,0.3
2013,4,경상남도,0.02
2013,4,경상남도,0.02
2013,4,충청남도,0.2
2013,4,충청남도,0.15
2013,4,경상남도,0.01
2013,4,전라남도,0.5
2013,4,경상남도,0.03
2013,4,전라남도,0.2
2013,4,전라북도,0.01
2013,4,강원도,0.01
2013,4,경상북도,0.1
2013,4,전라북도,0.03
2013,4,전라남도,0.05
2013,4,경상남도,0.16
2013,3,전라남도,0.1
2013,3,경기도,0.03
2013,3,전라남도,1
2013,3,경상남도,0.01
2013,3,경기도,0.3
2013,3,전라북도,0.05
2013,3,경상남도,1
2013,3,경상북도,0.1
2013,3,충청북도,0.1
2013,3,경기도,0.9
2013,3,경상남도,0.01
2013,3,경기도,0.1
2013,3,전라북도,0.2
2013,3,경상남도,0.01
2013,3,경상남도,0.03
2013,3,강원도,0.02
2013,3,경기도,0.05
2013,3,전라남도,0.3
2013,3,강원도,0.1
2013,3,강원도,4
2013,3,충청남도,0.1
2013,3,전라남도,0.03
2013,3,충청북도,0.1
2013,3,경상남도,0.04
2013,3,경상북도,0.05
2013,3,전라북도,0.2
2013,3,전라북도,0.01
2013,3,경상북도,0.3
2013,3,전라남도,0.1
2013,3,강원도,0.1
2013,3,전라남도,0.3
2013,3,경기도,0.2
2013,3,전라남도,0.05
2013,3,경상북도,0.2
2013,3,충청북도,0.02
2013,3,전라북도,0.02
2013,3,전라북도,0.02
2013,3,충청남도,0.1
2013,3,전라북도,0.05
2013,3,경상북도,0.15
2013,3,충청북도,0.1
2013,3,경상남도,0.01
2013,3,전라남도,1
2013,3,경상남도,0.02
2013,3,강원도,0.2
2013,3,전라북도,0.02
2013,3,충청북도,0.2
2013,3,전라남도,0.2
2013,3,전라북도,0.3
2013,3,전라남도,0.2
2013,3,전라북도,0.01
2013,3,전라남도,0.1
2013,3,전라남도,0.3
2013,3,강원도,0.1
2013,3,경상남도,0.1
2013,3,경상북도,1
2013,3,전라남도,0.3
2013,3,전라남도,0.8
2013,3,경기도,0.03
2013,3,경상북도,1
2013,3,경상남도,10
2013,3,충청남도,0.2
2013,3,전라북도,0.3
2013,3,경상북도,280
2013,3,충청북도,0.5
2013,3,경상남도,10
2013,3,충청남도,5
2013,3,경상북도,3
2013,3,경상북도,15
2013,3,경상북도,79
2013,3,전라남도,0.2
2013,3,경상남도,0.6
2013,3,전라남도,0.2
2013,3,전라남도,0.3
2013,3,전라북도,2.4
2013,3,충청남도,2
2013,3,경상북도,33.2
2013,3,경상북도,0.03
2013,3,전라북도,0.3
2013,3,경상남도,0.05
2013,3,강원도,0.3
2013,3,경상남도,0.6
2013,3,경상북도,5
2013,3,충청남도,2
2013,3,전라북도,2.2
2013,3,제주,1
2013,3,전라북도,0.2
2013,3,전라북도,0.5
2013,3,경상북도,0.1
2013,3,강원도,1
2013,3,경상북도,0.01
2013,3,전라북도,1
2013,3,경상북도,0.01
2013,3,충청남도,0.5
2013,3,전라북도,0.5
2013,3,강원도,0.05
2013,3,경상북도,0.01
2013,3,전라남도,0.8
2013,3,전라남도,0.1
2013,3,충청남도,0.5
2013,3,전라남도,1
2013,3,경상남도,0.2
2013,3,경상북도,0.8
2013,3,전라남도,1
2013,3,경상북도,0.1
2013,3,경상남도,0.02
2013,3,경상남도,0.4
2013,3,경상북도,0.06
2013,3,전라남도,0.5
2013,3,경상남도,0.03
2013,3,경상남도,0.01
2013,3,경상남도,0.05
2013,3,강원도,0.2
2013,2,충청북도,0.01
2013,2,전라남도,1
2013,2,전라남도,1
2013,2,전라북도,0.1
2013,2,충청북도,0.3
2013,2,충청남도,0.2
2013,2,전라남도,6
2013,2,전라남도,1
2013,2,전라남도,2
2013,2,강원도,0.02
2013,2,경상남도,0.1
2013,2,경상남도,0.3
2013,2,충청북도,0.1
2013,2,경상남도,0.1
2013,2,경상남도,1
2013,2,전라남도,0.5
2013,2,경상북도,1
2013,2,충청남도,0.05
2013,2,경상남도,0.5
2013,2,경상남도,0.1
2013,2,경상남도,0.01
2013,2,경상북도,0.3
2013,2,경상북도,0.02
2013,2,충청남도,0.03
2013,2,경상북도,0.01
2013,2,경상남도,0.3
2013,2,충청남도,0.3
2013,2,경상남도,0.1
2013,2,경상북도,0.1
2013,2,경상남도,0.1
2013,1,경상북도,0.05
2013,1,경상북도,0.1
2013,1,경상남도,0.01
2013,1,강원도,0.1
2013,1,전라남도,0.3
2013,1,제주,0.5
2013,1,전라남도,0.3
